{"type":"user_defined","version":"0.0.1","subtypes":[{"subtypeName":"KF-301 Relay","category":["Power"],"userDefined":true,"id":"ae4c1c68-ab39-efa4-24a9-4649361f62b6","subtypeDescription":"","subtypePic":"6d3fdef7-8a0f-4fc5-9928-f4a046c1b868.png","iconPic":"b4fcf01a-325c-489d-aa87-83b3dab74c07.png","imageLocation":"local_cache","pinInfo":{"numDisplayCols":"15.54000","numDisplayRows":"6.22724","pins":[{"uniquePinIdString":"0","positionMil":"1461.30886,413.83421","isAnchorPin":true,"label":"signal"},{"uniquePinIdString":"1","positionMil":"1461.30886,213.81986","isAnchorPin":false,"label":"power"},{"uniquePinIdString":"2","positionMil":"1461.30886,313.83399","isAnchorPin":false,"label":"ground"},{"uniquePinIdString":"3","positionMil":"177.72927,110.76267","isAnchorPin":false,"label":"NC"},{"uniquePinIdString":"4","positionMil":"178.12672,311.72008","isAnchorPin":false,"label":"C"},{"uniquePinIdString":"5","positionMil":"177.69184,510.67369","isAnchorPin":false,"label":"NO"}],"pinType":"wired"},"properties":[],"componentVersion":1},{"subtypeName":"KF-301 Relay","category":["Power"],"userDefined":true,"id":"ae4c1c68-ab39-efa4-24a9-4649361f62b6","subtypeDescription":"","subtypePic":"6d3fdef7-8a0f-4fc5-9928-f4a046c1b868.png","iconPic":"b4fcf01a-325c-489d-aa87-83b3dab74c07.png","imageLocation":"local_cache","pinInfo":{"numDisplayCols":"15.54000","numDisplayRows":"6.22724","pins":[{"uniquePinIdString":"0","positionMil":"1461.30886,413.83421","isAnchorPin":true,"label":"signal"},{"uniquePinIdString":"1","positionMil":"1461.30886,213.81986","isAnchorPin":false,"label":"power"},{"uniquePinIdString":"2","positionMil":"1461.30886,313.83399","isAnchorPin":false,"label":"ground"},{"uniquePinIdString":"3","positionMil":"177.72927,110.76267","isAnchorPin":false,"label":"NC"},{"uniquePinIdString":"4","positionMil":"178.12672,311.72008","isAnchorPin":false,"label":"C"},{"uniquePinIdString":"5","positionMil":"177.69184,510.67369","isAnchorPin":false,"label":"NO"}],"pinType":"wired"},"properties":[],"componentVersion":1},{"subtypeName":"KF-301 Relay","category":["Power"],"userDefined":true,"id":"ae4c1c68-ab39-efa4-24a9-4649361f62b6","subtypeDescription":"","subtypePic":"6d3fdef7-8a0f-4fc5-9928-f4a046c1b868.png","iconPic":"b4fcf01a-325c-489d-aa87-83b3dab74c07.png","imageLocation":"local_cache","pinInfo":{"numDisplayCols":"15.54000","numDisplayRows":"6.22724","pins":[{"uniquePinIdString":"0","positionMil":"1461.30886,413.83421","isAnchorPin":true,"label":"signal"},{"uniquePinIdString":"1","positionMil":"1461.30886,213.81986","isAnchorPin":false,"label":"power"},{"uniquePinIdString":"2","positionMil":"1461.30886,313.83399","isAnchorPin":false,"label":"ground"},{"uniquePinIdString":"3","positionMil":"177.72927,110.76267","isAnchorPin":false,"label":"NC"},{"uniquePinIdString":"4","positionMil":"178.12672,311.72008","isAnchorPin":false,"label":"C"},{"uniquePinIdString":"5","positionMil":"177.69184,510.67369","isAnchorPin":false,"label":"NO"}],"pinType":"wired"},"properties":[],"componentVersion":1},{"subtypeName":"KF-301 Relay","category":["Power"],"userDefined":true,"id":"ae4c1c68-ab39-efa4-24a9-4649361f62b6","subtypeDescription":"","subtypePic":"6d3fdef7-8a0f-4fc5-9928-f4a046c1b868.png","iconPic":"b4fcf01a-325c-489d-aa87-83b3dab74c07.png","imageLocation":"local_cache","pinInfo":{"numDisplayCols":"15.54000","numDisplayRows":"6.22724","pins":[{"uniquePinIdString":"0","positionMil":"1461.30886,413.83421","isAnchorPin":true,"label":"signal"},{"uniquePinIdString":"1","positionMil":"1461.30886,213.81986","isAnchorPin":false,"label":"power"},{"uniquePinIdString":"2","positionMil":"1461.30886,313.83399","isAnchorPin":false,"label":"ground"},{"uniquePinIdString":"3","positionMil":"177.72927,110.76267","isAnchorPin":false,"label":"NC"},{"uniquePinIdString":"4","positionMil":"178.12672,311.72008","isAnchorPin":false,"label":"C"},{"uniquePinIdString":"5","positionMil":"177.69184,510.67369","isAnchorPin":false,"label":"NO"}],"pinType":"wired"},"properties":[],"componentVersion":1},{"subtypeName":"KF-301 Relay","category":["Power"],"userDefined":true,"id":"ae4c1c68-ab39-efa4-24a9-4649361f62b6","subtypeDescription":"","subtypePic":"6d3fdef7-8a0f-4fc5-9928-f4a046c1b868.png","iconPic":"b4fcf01a-325c-489d-aa87-83b3dab74c07.png","imageLocation":"local_cache","pinInfo":{"numDisplayCols":"15.54000","numDisplayRows":"6.22724","pins":[{"uniquePinIdString":"0","positionMil":"1461.30886,413.83421","isAnchorPin":true,"label":"signal"},{"uniquePinIdString":"1","positionMil":"1461.30886,213.81986","isAnchorPin":false,"label":"power"},{"uniquePinIdString":"2","positionMil":"1461.30886,313.83399","isAnchorPin":false,"label":"ground"},{"uniquePinIdString":"3","positionMil":"177.72927,110.76267","isAnchorPin":false,"label":"NC"},{"uniquePinIdString":"4","positionMil":"178.12672,311.72008","isAnchorPin":false,"label":"C"},{"uniquePinIdString":"5","positionMil":"177.69184,510.67369","isAnchorPin":false,"label":"NO"}],"pinType":"wired"},"properties":[],"componentVersion":1},{"subtypeName":"regulator","category":["User Defined"],"id":"96322d3d-47c8-4cd5-9379-7469461c1943","componentVersion":3,"userDefined":true,"subtypeDescription":"","subtypePic":"0335536f-a5cd-46b7-94e0-4e7c5e52f575.png","iconPic":"e82905a7-3fd4-4c58-ae44-80e56e6a0c8c.png","imageLocation":"local_cache","pinInfo":{"numDisplayCols":"15.56623","numDisplayRows":"9.87857","pins":[{"uniquePinIdString":"0","positionMil":"461.64483,810.59517","isAnchorPin":true,"label":""},{"uniquePinIdString":"1","positionMil":"1011.64483,810.59517","isAnchorPin":false,"label":""},{"uniquePinIdString":"2","positionMil":"861.64483,60.59517","isAnchorPin":false,"label":""}],"pinType":"wired"},"properties":[]},{"subtypeName":"fan","category":["User Defined"],"id":"1f7a3b9b-b412-4a22-9265-98815d5d3d27","componentVersion":1,"userDefined":true,"subtypeDescription":"","subtypePic":"63f98b44-9539-4007-ae24-a8e8d56b0fea.png","iconPic":"8c06d2b9-bede-4d10-9ec8-eeef116d6d5a.png","imageLocation":"local_cache","pinInfo":{"numDisplayCols":"13.12326","numDisplayRows":"8.40898","pins":[{"uniquePinIdString":"0","positionMil":"516.66667,643.97483","isAnchorPin":true,"label":""},{"uniquePinIdString":"1","positionMil":"616.66667,643.97483","isAnchorPin":false,"label":""}],"pinType":"wired"},"properties":[]},{"subtypeName":"ac","category":["User Defined"],"id":"0a214a08-9cf0-4906-8e0d-0c7d50ff44e8","componentVersion":1,"userDefined":true,"subtypeDescription":"","subtypePic":"ca64a2af-7292-4f82-b0c0-20dc2b61039b.png","iconPic":"fa16e0b5-e583-4dd7-bdc6-cacbadd7d786.png","imageLocation":"local_cache","pinInfo":{"numDisplayCols":"8.04716","numDisplayRows":"8.04716","pins":[{"uniquePinIdString":"0","positionMil":"416.66667,38.04900","isAnchorPin":true,"label":""},{"uniquePinIdString":"1","positionMil":"416.66667,788.04900","isAnchorPin":false,"label":""}],"pinType":"wired"},"properties":[]},{"subtypeName":"ESP32 (30 pin)","category":["Internet of Things"],"userDefined":true,"id":"4a9cf0cc-ba72-e1f0-4a15-cd1a6a779c65","subtypeDescription":"","subtypePic":"4695bfd8-749a-4577-ac74-0bf6afdf1f34.png","iconPic":"9f8cb6c1-1659-4c61-ac2a-386d016ebaf1.png","imageLocation":"local_cache","pinInfo":{"numDisplayCols":"25.35624","numDisplayRows":"13.96189","pins":[{"uniquePinIdString":"0","positionMil":"2235.88771,1323.66148","isAnchorPin":true,"label":"EN"},{"uniquePinIdString":"1","positionMil":"2110.86243,1323.66148","isAnchorPin":false,"label":"VP"},{"uniquePinIdString":"2","positionMil":"1985.83743,1323.66148","isAnchorPin":false,"label":"VN"},{"uniquePinIdString":"3","positionMil":"1860.79465,1323.66148","isAnchorPin":false,"label":"D34"},{"uniquePinIdString":"4","positionMil":"1735.78687,1323.66148","isAnchorPin":false,"label":"D35"},{"uniquePinIdString":"5","positionMil":"1610.76173,1323.66148","isAnchorPin":false,"label":"D32"},{"uniquePinIdString":"6","positionMil":"1485.71923,1323.66148","isAnchorPin":false,"label":"D33"},{"uniquePinIdString":"7","positionMil":"1360.69375,1323.66148","isAnchorPin":false,"label":"D25"},{"uniquePinIdString":"8","positionMil":"1235.66907,1323.66148","isAnchorPin":false,"label":"D26"},{"uniquePinIdString":"9","positionMil":"1110.64385,1323.66148","isAnchorPin":false,"label":"D27"},{"uniquePinIdString":"10","positionMil":"985.63590,1323.66148","isAnchorPin":false,"label":"D14"},{"uniquePinIdString":"11","positionMil":"860.59325,1323.66148","isAnchorPin":false,"label":"D12"},{"uniquePinIdString":"12","positionMil":"735.60289,1323.66148","isAnchorPin":false,"label":"D13"},{"uniquePinIdString":"13","positionMil":"610.50847,1323.66148","isAnchorPin":false,"label":"GND"},{"uniquePinIdString":"14","positionMil":"485.51790,1323.66148","isAnchorPin":false,"label":"Vin"},{"uniquePinIdString":"15","positionMil":"2236.00422,72.90860","isAnchorPin":false,"label":"D23"},{"uniquePinIdString":"16","positionMil":"2110.86339,72.90860","isAnchorPin":false,"label":"D22"},{"uniquePinIdString":"17","positionMil":"1985.72214,72.90860","isAnchorPin":false,"label":"TX0"},{"uniquePinIdString":"18","positionMil":"1860.56366,72.90860","isAnchorPin":false,"label":"RX0"},{"uniquePinIdString":"19","positionMil":"1735.43964,72.90860","isAnchorPin":false,"label":"D21"},{"uniquePinIdString":"20","positionMil":"1610.28103,72.90860","isAnchorPin":false,"label":"D19"},{"uniquePinIdString":"21","positionMil":"1485.12255,72.90860","isAnchorPin":false,"label":"D18"},{"uniquePinIdString":"22","positionMil":"1359.99865,72.90860","isAnchorPin":false,"label":"D5"},{"uniquePinIdString":"23","positionMil":"1234.87500,72.90860","isAnchorPin":false,"label":"TX2"},{"uniquePinIdString":"24","positionMil":"1109.75091,72.90860","isAnchorPin":false,"label":"RX2"},{"uniquePinIdString":"25","positionMil":"984.57554,72.90860","isAnchorPin":false,"label":"D4"},{"uniquePinIdString":"26","positionMil":"859.41676,72.90860","isAnchorPin":false,"label":"D2"},{"uniquePinIdString":"27","positionMil":"734.31037,72.90860","isAnchorPin":false,"label":"D15"},{"uniquePinIdString":"28","positionMil":"609.15169,72.90860","isAnchorPin":false,"label":"GND"},{"uniquePinIdString":"29","positionMil":"484.04530,72.90860","isAnchorPin":false,"label":"3V3"}],"pinType":"wired"},"properties":[],"componentVersion":1},{"subtypeName":"KF-301 Relay","category":["Power"],"userDefined":true,"id":"ae4c1c68-ab39-efa4-24a9-4649361f62b6","subtypeDescription":"","subtypePic":"6d3fdef7-8a0f-4fc5-9928-f4a046c1b868.png","iconPic":"b4fcf01a-325c-489d-aa87-83b3dab74c07.png","imageLocation":"local_cache","pinInfo":{"numDisplayCols":"15.54000","numDisplayRows":"6.22724","pins":[{"uniquePinIdString":"0","positionMil":"1461.30886,413.83421","isAnchorPin":true,"label":"signal"},{"uniquePinIdString":"1","positionMil":"1461.30886,213.81986","isAnchorPin":false,"label":"power"},{"uniquePinIdString":"2","positionMil":"1461.30886,313.83399","isAnchorPin":false,"label":"ground"},{"uniquePinIdString":"3","positionMil":"177.72927,110.76267","isAnchorPin":false,"label":"NC"},{"uniquePinIdString":"4","positionMil":"178.12672,311.72008","isAnchorPin":false,"label":"C"},{"uniquePinIdString":"5","positionMil":"177.69184,510.67369","isAnchorPin":false,"label":"NO"}],"pinType":"wired"},"properties":[],"componentVersion":1},{"subtypeName":"KF-301 Relay","category":["Power"],"userDefined":true,"id":"ae4c1c68-ab39-efa4-24a9-4649361f62b6","subtypeDescription":"","subtypePic":"6d3fdef7-8a0f-4fc5-9928-f4a046c1b868.png","iconPic":"b4fcf01a-325c-489d-aa87-83b3dab74c07.png","imageLocation":"local_cache","pinInfo":{"numDisplayCols":"15.54000","numDisplayRows":"6.22724","pins":[{"uniquePinIdString":"0","positionMil":"1461.30886,413.83421","isAnchorPin":true,"label":"signal"},{"uniquePinIdString":"1","positionMil":"1461.30886,213.81986","isAnchorPin":false,"label":"power"},{"uniquePinIdString":"2","positionMil":"1461.30886,313.83399","isAnchorPin":false,"label":"ground"},{"uniquePinIdString":"3","positionMil":"177.72927,110.76267","isAnchorPin":false,"label":"NC"},{"uniquePinIdString":"4","positionMil":"178.12672,311.72008","isAnchorPin":false,"label":"C"},{"uniquePinIdString":"5","positionMil":"177.69184,510.67369","isAnchorPin":false,"label":"NO"}],"pinType":"wired"},"properties":[],"componentVersion":1},{"subtypeName":"KF-301 Relay","category":["Power"],"userDefined":true,"id":"ae4c1c68-ab39-efa4-24a9-4649361f62b6","subtypeDescription":"","subtypePic":"6d3fdef7-8a0f-4fc5-9928-f4a046c1b868.png","iconPic":"b4fcf01a-325c-489d-aa87-83b3dab74c07.png","imageLocation":"local_cache","pinInfo":{"numDisplayCols":"15.54000","numDisplayRows":"6.22724","pins":[{"uniquePinIdString":"0","positionMil":"1461.30886,413.83421","isAnchorPin":true,"label":"signal"},{"uniquePinIdString":"1","positionMil":"1461.30886,213.81986","isAnchorPin":false,"label":"power"},{"uniquePinIdString":"2","positionMil":"1461.30886,313.83399","isAnchorPin":false,"label":"ground"},{"uniquePinIdString":"3","positionMil":"177.72927,110.76267","isAnchorPin":false,"label":"NC"},{"uniquePinIdString":"4","positionMil":"178.12672,311.72008","isAnchorPin":false,"label":"C"},{"uniquePinIdString":"5","positionMil":"177.69184,510.67369","isAnchorPin":false,"label":"NO"}],"pinType":"wired"},"properties":[],"componentVersion":1},{"subtypeName":"KF-301 Relay","category":["Power"],"userDefined":true,"id":"ae4c1c68-ab39-efa4-24a9-4649361f62b6","subtypeDescription":"","subtypePic":"6d3fdef7-8a0f-4fc5-9928-f4a046c1b868.png","iconPic":"b4fcf01a-325c-489d-aa87-83b3dab74c07.png","imageLocation":"local_cache","pinInfo":{"numDisplayCols":"15.54000","numDisplayRows":"6.22724","pins":[{"uniquePinIdString":"0","positionMil":"1461.30886,413.83421","isAnchorPin":true,"label":"signal"},{"uniquePinIdString":"1","positionMil":"1461.30886,213.81986","isAnchorPin":false,"label":"power"},{"uniquePinIdString":"2","positionMil":"1461.30886,313.83399","isAnchorPin":false,"label":"ground"},{"uniquePinIdString":"3","positionMil":"177.72927,110.76267","isAnchorPin":false,"label":"NC"},{"uniquePinIdString":"4","positionMil":"178.12672,311.72008","isAnchorPin":false,"label":"C"},{"uniquePinIdString":"5","positionMil":"177.69184,510.67369","isAnchorPin":false,"label":"NO"}],"pinType":"wired"},"properties":[],"componentVersion":1},{"subtypeName":"bulb","category":["User Defined"],"id":"bb724af2-91a7-4a5d-a377-8184d5995cb3","componentVersion":1,"userDefined":true,"subtypeDescription":"","subtypePic":"57a38272-8578-4037-8eaf-ce519799faf1.jpg","iconPic":"dba51f17-9f35-4433-bd7f-b48bd033ad98.jpg","imageLocation":"local_cache","pinInfo":{"numDisplayCols":"6.66667","numDisplayRows":"11.33787","pins":[{"uniquePinIdString":"0","positionMil":"216.66667,83.56009","isAnchorPin":true,"label":"+VE"},{"uniquePinIdString":"1","positionMil":"516.66667,83.56009","isAnchorPin":false,"label":"_VE"}],"pinType":"wired"},"properties":[]},{"subtypeName":"bulb","category":["User Defined"],"id":"73f7742b-efd1-4714-be80-e62a78e23e49","componentVersion":2,"userDefined":true,"subtypeDescription":"","subtypePic":"6c9fd1ad-2a3c-43b7-88e9-c56ed4f9d8ef.png","iconPic":"d4a129e1-4f92-4ac5-977a-606ccf1d2524.png","imageLocation":"local_cache","pinInfo":{"numDisplayCols":"4.32843","numDisplayRows":"5.62407","pins":[{"uniquePinIdString":"0","positionMil":"156.52685,38.37427","isAnchorPin":true,"label":""},{"uniquePinIdString":"1","positionMil":"256.52685,38.37427","isAnchorPin":false,"label":""}],"pinType":"wired"},"properties":[]},{"subtypeName":"bulb","category":["User Defined"],"id":"73f7742b-efd1-4714-be80-e62a78e23e49","componentVersion":2,"userDefined":true,"subtypeDescription":"","subtypePic":"6c9fd1ad-2a3c-43b7-88e9-c56ed4f9d8ef.png","iconPic":"d4a129e1-4f92-4ac5-977a-606ccf1d2524.png","imageLocation":"local_cache","pinInfo":{"numDisplayCols":"4.32843","numDisplayRows":"5.62407","pins":[{"uniquePinIdString":"0","positionMil":"156.52685,38.37427","isAnchorPin":true,"label":""},{"uniquePinIdString":"1","positionMil":"256.52685,38.37427","isAnchorPin":false,"label":""}],"pinType":"wired"},"properties":[]},{"subtypeName":"bulb","category":["User Defined"],"id":"73f7742b-efd1-4714-be80-e62a78e23e49","componentVersion":2,"userDefined":true,"subtypeDescription":"","subtypePic":"6c9fd1ad-2a3c-43b7-88e9-c56ed4f9d8ef.png","iconPic":"d4a129e1-4f92-4ac5-977a-606ccf1d2524.png","imageLocation":"local_cache","pinInfo":{"numDisplayCols":"4.32843","numDisplayRows":"5.62407","pins":[{"uniquePinIdString":"0","positionMil":"156.52685,38.37427","isAnchorPin":true,"label":""},{"uniquePinIdString":"1","positionMil":"256.52685,38.37427","isAnchorPin":false,"label":""}],"pinType":"wired"},"properties":[]},{"subtypeName":"bulb","category":["User Defined"],"id":"73f7742b-efd1-4714-be80-e62a78e23e49","componentVersion":2,"userDefined":true,"subtypeDescription":"","subtypePic":"6c9fd1ad-2a3c-43b7-88e9-c56ed4f9d8ef.png","iconPic":"d4a129e1-4f92-4ac5-977a-606ccf1d2524.png","imageLocation":"local_cache","pinInfo":{"numDisplayCols":"4.32843","numDisplayRows":"5.62407","pins":[{"uniquePinIdString":"0","positionMil":"156.52685,38.37427","isAnchorPin":true,"label":""},{"uniquePinIdString":"1","positionMil":"256.52685,38.37427","isAnchorPin":false,"label":""}],"pinType":"wired"},"properties":[]},{"subtypeName":"bulb","category":["User Defined"],"id":"73f7742b-efd1-4714-be80-e62a78e23e49","componentVersion":2,"userDefined":true,"subtypeDescription":"","subtypePic":"6c9fd1ad-2a3c-43b7-88e9-c56ed4f9d8ef.png","iconPic":"d4a129e1-4f92-4ac5-977a-606ccf1d2524.png","imageLocation":"local_cache","pinInfo":{"numDisplayCols":"4.32843","numDisplayRows":"5.62407","pins":[{"uniquePinIdString":"0","positionMil":"156.52685,38.37427","isAnchorPin":true,"label":""},{"uniquePinIdString":"1","positionMil":"256.52685,38.37427","isAnchorPin":false,"label":""}],"pinType":"wired"},"properties":[]},{"subtypeName":"bulb","category":["User Defined"],"id":"73f7742b-efd1-4714-be80-e62a78e23e49","componentVersion":2,"userDefined":true,"subtypeDescription":"","subtypePic":"6c9fd1ad-2a3c-43b7-88e9-c56ed4f9d8ef.png","iconPic":"d4a129e1-4f92-4ac5-977a-606ccf1d2524.png","imageLocation":"local_cache","pinInfo":{"numDisplayCols":"4.32843","numDisplayRows":"5.62407","pins":[{"uniquePinIdString":"0","positionMil":"156.52685,38.37427","isAnchorPin":true,"label":""},{"uniquePinIdString":"1","positionMil":"256.52685,38.37427","isAnchorPin":false,"label":""}],"pinType":"wired"},"properties":[]}]}