{"raven_core_version":15,"hardware_version":0,"pin_to_graph":{"pin-type-component_78549d8d-ef1d-4a51-b73f-dc6c61e4935c_0":[],"pin-type-component_78549d8d-ef1d-4a51-b73f-dc6c61e4935c_1":[],"pin-type-component_78549d8d-ef1d-4a51-b73f-dc6c61e4935c_2":[],"pin-type-component_78549d8d-ef1d-4a51-b73f-dc6c61e4935c_3":["pin-type-component_05c99d40-0c35-4639-a826-aad1c8d7b9ca_0"],"pin-type-component_78549d8d-ef1d-4a51-b73f-dc6c61e4935c_4":["pin-type-component_47c40847-17d5-4452-a82b-df95a96b2725_0"],"pin-type-component_78549d8d-ef1d-4a51-b73f-dc6c61e4935c_5":["pin-type-component_bb4e5a8a-471d-42af-a4f0-1059d745e318_0"],"pin-type-component_78549d8d-ef1d-4a51-b73f-dc6c61e4935c_6":["pin-type-component_cb2a20cd-d39b-4fcb-8e80-27eeaa940393_0"],"pin-type-component_78549d8d-ef1d-4a51-b73f-dc6c61e4935c_7":["pin-type-component_24644858-de68-4a38-948c-6f3eb2ad1875_0"],"pin-type-component_78549d8d-ef1d-4a51-b73f-dc6c61e4935c_8":["pin-type-component_36200f35-ccde-465f-8b84-8ae8df751086_0"],"pin-type-component_78549d8d-ef1d-4a51-b73f-dc6c61e4935c_9":["pin-type-component_5c27273f-f75c-4b7b-93c9-bf0fd879b6f9_0"],"pin-type-component_78549d8d-ef1d-4a51-b73f-dc6c61e4935c_10":["pin-type-component_253316f3-9a2a-49f4-b38a-dd9fae97e41e_0"],"pin-type-component_78549d8d-ef1d-4a51-b73f-dc6c61e4935c_11":["pin-type-component_b850196c-35b7-4a4e-9dc2-8e1e11f4e8fd_0"],"pin-type-component_78549d8d-ef1d-4a51-b73f-dc6c61e4935c_12":[],"pin-type-component_78549d8d-ef1d-4a51-b73f-dc6c61e4935c_13":["pin-type-component_36200f35-ccde-465f-8b84-8ae8df751086_2"],"pin-type-component_78549d8d-ef1d-4a51-b73f-dc6c61e4935c_14":["pin-type-component_36200f35-ccde-465f-8b84-8ae8df751086_1"],"pin-type-component_78549d8d-ef1d-4a51-b73f-dc6c61e4935c_15":[],"pin-type-component_78549d8d-ef1d-4a51-b73f-dc6c61e4935c_16":[],"pin-type-component_78549d8d-ef1d-4a51-b73f-dc6c61e4935c_17":[],"pin-type-component_78549d8d-ef1d-4a51-b73f-dc6c61e4935c_18":[],"pin-type-component_78549d8d-ef1d-4a51-b73f-dc6c61e4935c_19":[],"pin-type-component_78549d8d-ef1d-4a51-b73f-dc6c61e4935c_20":[],"pin-type-component_78549d8d-ef1d-4a51-b73f-dc6c61e4935c_21":[],"pin-type-component_78549d8d-ef1d-4a51-b73f-dc6c61e4935c_22":[],"pin-type-component_78549d8d-ef1d-4a51-b73f-dc6c61e4935c_23":[],"pin-type-component_78549d8d-ef1d-4a51-b73f-dc6c61e4935c_24":[],"pin-type-component_78549d8d-ef1d-4a51-b73f-dc6c61e4935c_25":[],"pin-type-component_78549d8d-ef1d-4a51-b73f-dc6c61e4935c_26":[],"pin-type-component_78549d8d-ef1d-4a51-b73f-dc6c61e4935c_27":[],"pin-type-component_78549d8d-ef1d-4a51-b73f-dc6c61e4935c_28":[],"pin-type-component_78549d8d-ef1d-4a51-b73f-dc6c61e4935c_29":[],"pin-type-component_05c99d40-0c35-4639-a826-aad1c8d7b9ca_0":["pin-type-component_78549d8d-ef1d-4a51-b73f-dc6c61e4935c_3"],"pin-type-component_05c99d40-0c35-4639-a826-aad1c8d7b9ca_1":["pin-type-component_47c40847-17d5-4452-a82b-df95a96b2725_1"],"pin-type-component_05c99d40-0c35-4639-a826-aad1c8d7b9ca_2":["pin-type-component_47c40847-17d5-4452-a82b-df95a96b2725_2"],"pin-type-component_05c99d40-0c35-4639-a826-aad1c8d7b9ca_3":[],"pin-type-component_05c99d40-0c35-4639-a826-aad1c8d7b9ca_4":["pin-type-component_47c40847-17d5-4452-a82b-df95a96b2725_4"],"pin-type-component_05c99d40-0c35-4639-a826-aad1c8d7b9ca_5":["pin-type-component_c9f30332-5a53-4111-9d42-3933fd4a0074_1"],"pin-type-component_47c40847-17d5-4452-a82b-df95a96b2725_0":["pin-type-component_78549d8d-ef1d-4a51-b73f-dc6c61e4935c_4"],"pin-type-component_47c40847-17d5-4452-a82b-df95a96b2725_1":["pin-type-component_bb4e5a8a-471d-42af-a4f0-1059d745e318_1","pin-type-component_05c99d40-0c35-4639-a826-aad1c8d7b9ca_1"],"pin-type-component_47c40847-17d5-4452-a82b-df95a96b2725_2":["pin-type-component_bb4e5a8a-471d-42af-a4f0-1059d745e318_2","pin-type-component_05c99d40-0c35-4639-a826-aad1c8d7b9ca_2"],"pin-type-component_47c40847-17d5-4452-a82b-df95a96b2725_3":[],"pin-type-component_47c40847-17d5-4452-a82b-df95a96b2725_4":["pin-type-component_05c99d40-0c35-4639-a826-aad1c8d7b9ca_4","pin-type-component_bb4e5a8a-471d-42af-a4f0-1059d745e318_4"],"pin-type-component_47c40847-17d5-4452-a82b-df95a96b2725_5":["pin-type-component_83993865-b3c7-47f4-9a21-ba1c685bce15_1"],"pin-type-component_bb4e5a8a-471d-42af-a4f0-1059d745e318_0":["pin-type-component_78549d8d-ef1d-4a51-b73f-dc6c61e4935c_5"],"pin-type-component_bb4e5a8a-471d-42af-a4f0-1059d745e318_1":["pin-type-component_cb2a20cd-d39b-4fcb-8e80-27eeaa940393_1","pin-type-component_47c40847-17d5-4452-a82b-df95a96b2725_1"],"pin-type-component_bb4e5a8a-471d-42af-a4f0-1059d745e318_2":["pin-type-component_cb2a20cd-d39b-4fcb-8e80-27eeaa940393_2","pin-type-component_47c40847-17d5-4452-a82b-df95a96b2725_2"],"pin-type-component_bb4e5a8a-471d-42af-a4f0-1059d745e318_3":[],"pin-type-component_bb4e5a8a-471d-42af-a4f0-1059d745e318_4":["pin-type-component_47c40847-17d5-4452-a82b-df95a96b2725_4","pin-type-component_cb2a20cd-d39b-4fcb-8e80-27eeaa940393_4"],"pin-type-component_bb4e5a8a-471d-42af-a4f0-1059d745e318_5":["pin-type-component_511d09b1-640e-4d67-a8cf-5058af8cf811_1"],"pin-type-component_cb2a20cd-d39b-4fcb-8e80-27eeaa940393_0":["pin-type-component_78549d8d-ef1d-4a51-b73f-dc6c61e4935c_6"],"pin-type-component_cb2a20cd-d39b-4fcb-8e80-27eeaa940393_1":["pin-type-component_24644858-de68-4a38-948c-6f3eb2ad1875_1","pin-type-component_bb4e5a8a-471d-42af-a4f0-1059d745e318_1"],"pin-type-component_cb2a20cd-d39b-4fcb-8e80-27eeaa940393_2":["pin-type-component_24644858-de68-4a38-948c-6f3eb2ad1875_2","pin-type-component_bb4e5a8a-471d-42af-a4f0-1059d745e318_2"],"pin-type-component_cb2a20cd-d39b-4fcb-8e80-27eeaa940393_3":[],"pin-type-component_cb2a20cd-d39b-4fcb-8e80-27eeaa940393_4":["pin-type-component_bb4e5a8a-471d-42af-a4f0-1059d745e318_4","pin-type-component_24644858-de68-4a38-948c-6f3eb2ad1875_4"],"pin-type-component_cb2a20cd-d39b-4fcb-8e80-27eeaa940393_5":["pin-type-component_274914e2-199a-4893-a0df-8951d634abd5_1"],"pin-type-component_24644858-de68-4a38-948c-6f3eb2ad1875_0":["pin-type-component_78549d8d-ef1d-4a51-b73f-dc6c61e4935c_7"],"pin-type-component_24644858-de68-4a38-948c-6f3eb2ad1875_1":["pin-type-component_36200f35-ccde-465f-8b84-8ae8df751086_1","pin-type-component_cb2a20cd-d39b-4fcb-8e80-27eeaa940393_1"],"pin-type-component_24644858-de68-4a38-948c-6f3eb2ad1875_2":["pin-type-component_36200f35-ccde-465f-8b84-8ae8df751086_2","pin-type-component_cb2a20cd-d39b-4fcb-8e80-27eeaa940393_2"],"pin-type-component_24644858-de68-4a38-948c-6f3eb2ad1875_3":[],"pin-type-component_24644858-de68-4a38-948c-6f3eb2ad1875_4":["pin-type-component_cb2a20cd-d39b-4fcb-8e80-27eeaa940393_4","pin-type-component_36200f35-ccde-465f-8b84-8ae8df751086_4"],"pin-type-component_24644858-de68-4a38-948c-6f3eb2ad1875_5":["pin-type-component_42872f0c-023b-4a8d-b711-ddddb2778394_1"],"pin-type-component_36200f35-ccde-465f-8b84-8ae8df751086_0":["pin-type-component_78549d8d-ef1d-4a51-b73f-dc6c61e4935c_8"],"pin-type-component_36200f35-ccde-465f-8b84-8ae8df751086_1":["pin-type-component_24644858-de68-4a38-948c-6f3eb2ad1875_1","pin-type-component_78549d8d-ef1d-4a51-b73f-dc6c61e4935c_14","pin-type-component_5c27273f-f75c-4b7b-93c9-bf0fd879b6f9_1"],"pin-type-component_36200f35-ccde-465f-8b84-8ae8df751086_2":["pin-type-component_24644858-de68-4a38-948c-6f3eb2ad1875_2","pin-type-component_78549d8d-ef1d-4a51-b73f-dc6c61e4935c_13","pin-type-component_5c27273f-f75c-4b7b-93c9-bf0fd879b6f9_2"],"pin-type-component_36200f35-ccde-465f-8b84-8ae8df751086_3":[],"pin-type-component_36200f35-ccde-465f-8b84-8ae8df751086_4":["pin-type-component_24644858-de68-4a38-948c-6f3eb2ad1875_4","pin-type-component_b08dcd49-3f7b-4f0c-840b-939fb83e8ec9_1"],"pin-type-component_36200f35-ccde-465f-8b84-8ae8df751086_5":["pin-type-component_407fe279-133d-4301-9441-f1792edf4d2a_1"],"pin-type-component_b850196c-35b7-4a4e-9dc2-8e1e11f4e8fd_0":["pin-type-component_78549d8d-ef1d-4a51-b73f-dc6c61e4935c_11"],"pin-type-component_b850196c-35b7-4a4e-9dc2-8e1e11f4e8fd_1":["pin-type-component_253316f3-9a2a-49f4-b38a-dd9fae97e41e_1"],"pin-type-component_b850196c-35b7-4a4e-9dc2-8e1e11f4e8fd_2":["pin-type-component_253316f3-9a2a-49f4-b38a-dd9fae97e41e_2"],"pin-type-component_b850196c-35b7-4a4e-9dc2-8e1e11f4e8fd_3":[],"pin-type-component_b850196c-35b7-4a4e-9dc2-8e1e11f4e8fd_4":["pin-type-component_253316f3-9a2a-49f4-b38a-dd9fae97e41e_4"],"pin-type-component_b850196c-35b7-4a4e-9dc2-8e1e11f4e8fd_5":["pin-type-component_50703c27-87f1-4e1d-94a3-90f69eaa8385_2"],"pin-type-component_253316f3-9a2a-49f4-b38a-dd9fae97e41e_0":["pin-type-component_78549d8d-ef1d-4a51-b73f-dc6c61e4935c_10"],"pin-type-component_253316f3-9a2a-49f4-b38a-dd9fae97e41e_1":["pin-type-component_5c27273f-f75c-4b7b-93c9-bf0fd879b6f9_1","pin-type-component_b850196c-35b7-4a4e-9dc2-8e1e11f4e8fd_1"],"pin-type-component_253316f3-9a2a-49f4-b38a-dd9fae97e41e_2":["pin-type-component_5c27273f-f75c-4b7b-93c9-bf0fd879b6f9_2","pin-type-component_b850196c-35b7-4a4e-9dc2-8e1e11f4e8fd_2"],"pin-type-component_253316f3-9a2a-49f4-b38a-dd9fae97e41e_3":[],"pin-type-component_253316f3-9a2a-49f4-b38a-dd9fae97e41e_4":["pin-type-component_5c27273f-f75c-4b7b-93c9-bf0fd879b6f9_4","pin-type-component_b850196c-35b7-4a4e-9dc2-8e1e11f4e8fd_4"],"pin-type-component_253316f3-9a2a-49f4-b38a-dd9fae97e41e_5":["pin-type-component_50703c27-87f1-4e1d-94a3-90f69eaa8385_1"],"pin-type-component_5c27273f-f75c-4b7b-93c9-bf0fd879b6f9_0":["pin-type-component_78549d8d-ef1d-4a51-b73f-dc6c61e4935c_9"],"pin-type-component_5c27273f-f75c-4b7b-93c9-bf0fd879b6f9_1":["pin-type-component_36200f35-ccde-465f-8b84-8ae8df751086_1","pin-type-component_253316f3-9a2a-49f4-b38a-dd9fae97e41e_1"],"pin-type-component_5c27273f-f75c-4b7b-93c9-bf0fd879b6f9_2":["pin-type-component_36200f35-ccde-465f-8b84-8ae8df751086_2","pin-type-component_253316f3-9a2a-49f4-b38a-dd9fae97e41e_2"],"pin-type-component_5c27273f-f75c-4b7b-93c9-bf0fd879b6f9_3":[],"pin-type-component_5c27273f-f75c-4b7b-93c9-bf0fd879b6f9_4":["pin-type-component_253316f3-9a2a-49f4-b38a-dd9fae97e41e_4","pin-type-component_b08dcd49-3f7b-4f0c-840b-939fb83e8ec9_1"],"pin-type-component_5c27273f-f75c-4b7b-93c9-bf0fd879b6f9_5":["pin-type-component_50703c27-87f1-4e1d-94a3-90f69eaa8385_0"],"pin-type-component_50703c27-87f1-4e1d-94a3-90f69eaa8385_0":["pin-type-component_5c27273f-f75c-4b7b-93c9-bf0fd879b6f9_5"],"pin-type-component_50703c27-87f1-4e1d-94a3-90f69eaa8385_1":["pin-type-component_253316f3-9a2a-49f4-b38a-dd9fae97e41e_5"],"pin-type-component_50703c27-87f1-4e1d-94a3-90f69eaa8385_2":["pin-type-component_e94d48c2-269e-4bf1-963f-df30aeb48543_1","pin-type-component_b850196c-35b7-4a4e-9dc2-8e1e11f4e8fd_5"],"pin-type-component_e94d48c2-269e-4bf1-963f-df30aeb48543_0":["pin-type-component_b08dcd49-3f7b-4f0c-840b-939fb83e8ec9_0"],"pin-type-component_e94d48c2-269e-4bf1-963f-df30aeb48543_1":["pin-type-component_50703c27-87f1-4e1d-94a3-90f69eaa8385_2"],"pin-type-component_b08dcd49-3f7b-4f0c-840b-939fb83e8ec9_0":["pin-type-component_e94d48c2-269e-4bf1-963f-df30aeb48543_0","pin-type-component_407fe279-133d-4301-9441-f1792edf4d2a_0"],"pin-type-component_b08dcd49-3f7b-4f0c-840b-939fb83e8ec9_1":["pin-type-component_5c27273f-f75c-4b7b-93c9-bf0fd879b6f9_4","pin-type-component_36200f35-ccde-465f-8b84-8ae8df751086_4"],"pin-type-component_db097dbf-0f14-46e2-af99-5d8bb8150167_0":[],"pin-type-component_db097dbf-0f14-46e2-af99-5d8bb8150167_1":[],"pin-type-component_c9f30332-5a53-4111-9d42-3933fd4a0074_0":["pin-type-component_83993865-b3c7-47f4-9a21-ba1c685bce15_0"],"pin-type-component_c9f30332-5a53-4111-9d42-3933fd4a0074_1":["pin-type-component_05c99d40-0c35-4639-a826-aad1c8d7b9ca_5"],"pin-type-component_83993865-b3c7-47f4-9a21-ba1c685bce15_0":["pin-type-component_511d09b1-640e-4d67-a8cf-5058af8cf811_0","pin-type-component_c9f30332-5a53-4111-9d42-3933fd4a0074_0"],"pin-type-component_83993865-b3c7-47f4-9a21-ba1c685bce15_1":["pin-type-component_47c40847-17d5-4452-a82b-df95a96b2725_5"],"pin-type-component_511d09b1-640e-4d67-a8cf-5058af8cf811_0":["pin-type-component_274914e2-199a-4893-a0df-8951d634abd5_0","pin-type-component_83993865-b3c7-47f4-9a21-ba1c685bce15_0"],"pin-type-component_511d09b1-640e-4d67-a8cf-5058af8cf811_1":["pin-type-component_bb4e5a8a-471d-42af-a4f0-1059d745e318_5"],"pin-type-component_274914e2-199a-4893-a0df-8951d634abd5_0":["pin-type-component_42872f0c-023b-4a8d-b711-ddddb2778394_0","pin-type-component_511d09b1-640e-4d67-a8cf-5058af8cf811_0"],"pin-type-component_274914e2-199a-4893-a0df-8951d634abd5_1":["pin-type-component_cb2a20cd-d39b-4fcb-8e80-27eeaa940393_5"],"pin-type-component_42872f0c-023b-4a8d-b711-ddddb2778394_0":["pin-type-component_407fe279-133d-4301-9441-f1792edf4d2a_0","pin-type-component_274914e2-199a-4893-a0df-8951d634abd5_0"],"pin-type-component_42872f0c-023b-4a8d-b711-ddddb2778394_1":["pin-type-component_24644858-de68-4a38-948c-6f3eb2ad1875_5"],"pin-type-component_407fe279-133d-4301-9441-f1792edf4d2a_0":["pin-type-component_42872f0c-023b-4a8d-b711-ddddb2778394_0","pin-type-component_b08dcd49-3f7b-4f0c-840b-939fb83e8ec9_0"],"pin-type-component_407fe279-133d-4301-9441-f1792edf4d2a_1":["pin-type-component_36200f35-ccde-465f-8b84-8ae8df751086_5"]},"pin_to_color":{"pin-type-component_78549d8d-ef1d-4a51-b73f-dc6c61e4935c_0":"#000000","pin-type-component_78549d8d-ef1d-4a51-b73f-dc6c61e4935c_1":"#000000","pin-type-component_78549d8d-ef1d-4a51-b73f-dc6c61e4935c_2":"#000000","pin-type-component_78549d8d-ef1d-4a51-b73f-dc6c61e4935c_3":"#00ae7e","pin-type-component_78549d8d-ef1d-4a51-b73f-dc6c61e4935c_4":"#c28c9f","pin-type-component_78549d8d-ef1d-4a51-b73f-dc6c61e4935c_5":"#008f9c","pin-type-component_78549d8d-ef1d-4a51-b73f-dc6c61e4935c_6":"#5fad4e","pin-type-component_78549d8d-ef1d-4a51-b73f-dc6c61e4935c_7":"#ff029d","pin-type-component_78549d8d-ef1d-4a51-b73f-dc6c61e4935c_8":"#683d3b","pin-type-component_78549d8d-ef1d-4a51-b73f-dc6c61e4935c_9":"#fe8900","pin-type-component_78549d8d-ef1d-4a51-b73f-dc6c61e4935c_10":"#bdc6ff","pin-type-component_78549d8d-ef1d-4a51-b73f-dc6c61e4935c_11":"#09ec8a","pin-type-component_78549d8d-ef1d-4a51-b73f-dc6c61e4935c_12":"#000000","pin-type-component_78549d8d-ef1d-4a51-b73f-dc6c61e4935c_13":"#000000","pin-type-component_78549d8d-ef1d-4a51-b73f-dc6c61e4935c_14":"#ff0011","pin-type-component_78549d8d-ef1d-4a51-b73f-dc6c61e4935c_15":"#000000","pin-type-component_78549d8d-ef1d-4a51-b73f-dc6c61e4935c_16":"#000000","pin-type-component_78549d8d-ef1d-4a51-b73f-dc6c61e4935c_17":"#000000","pin-type-component_78549d8d-ef1d-4a51-b73f-dc6c61e4935c_18":"#000000","pin-type-component_78549d8d-ef1d-4a51-b73f-dc6c61e4935c_19":"#000000","pin-type-component_78549d8d-ef1d-4a51-b73f-dc6c61e4935c_20":"#000000","pin-type-component_78549d8d-ef1d-4a51-b73f-dc6c61e4935c_21":"#000000","pin-type-component_78549d8d-ef1d-4a51-b73f-dc6c61e4935c_22":"#000000","pin-type-component_78549d8d-ef1d-4a51-b73f-dc6c61e4935c_23":"#000000","pin-type-component_78549d8d-ef1d-4a51-b73f-dc6c61e4935c_24":"#000000","pin-type-component_78549d8d-ef1d-4a51-b73f-dc6c61e4935c_25":"#000000","pin-type-component_78549d8d-ef1d-4a51-b73f-dc6c61e4935c_26":"#000000","pin-type-component_78549d8d-ef1d-4a51-b73f-dc6c61e4935c_27":"#000000","pin-type-component_78549d8d-ef1d-4a51-b73f-dc6c61e4935c_28":"#000000","pin-type-component_78549d8d-ef1d-4a51-b73f-dc6c61e4935c_29":"#000000","pin-type-component_05c99d40-0c35-4639-a826-aad1c8d7b9ca_0":"#00ae7e","pin-type-component_05c99d40-0c35-4639-a826-aad1c8d7b9ca_1":"#ff0011","pin-type-component_05c99d40-0c35-4639-a826-aad1c8d7b9ca_2":"#000000","pin-type-component_05c99d40-0c35-4639-a826-aad1c8d7b9ca_3":"#000000","pin-type-component_05c99d40-0c35-4639-a826-aad1c8d7b9ca_4":"#ff0000","pin-type-component_05c99d40-0c35-4639-a826-aad1c8d7b9ca_5":"#ffa6fe","pin-type-component_47c40847-17d5-4452-a82b-df95a96b2725_0":"#c28c9f","pin-type-component_47c40847-17d5-4452-a82b-df95a96b2725_1":"#ff0011","pin-type-component_47c40847-17d5-4452-a82b-df95a96b2725_2":"#000000","pin-type-component_47c40847-17d5-4452-a82b-df95a96b2725_3":"#000000","pin-type-component_47c40847-17d5-4452-a82b-df95a96b2725_4":"#ff0000","pin-type-component_47c40847-17d5-4452-a82b-df95a96b2725_5":"#774d00","pin-type-component_bb4e5a8a-471d-42af-a4f0-1059d745e318_0":"#008f9c","pin-type-component_bb4e5a8a-471d-42af-a4f0-1059d745e318_1":"#ff0011","pin-type-component_bb4e5a8a-471d-42af-a4f0-1059d745e318_2":"#000000","pin-type-component_bb4e5a8a-471d-42af-a4f0-1059d745e318_3":"#000000","pin-type-component_bb4e5a8a-471d-42af-a4f0-1059d745e318_4":"#ff0000","pin-type-component_bb4e5a8a-471d-42af-a4f0-1059d745e318_5":"#7a4782","pin-type-component_cb2a20cd-d39b-4fcb-8e80-27eeaa940393_0":"#5fad4e","pin-type-component_cb2a20cd-d39b-4fcb-8e80-27eeaa940393_1":"#ff0011","pin-type-component_cb2a20cd-d39b-4fcb-8e80-27eeaa940393_2":"#000000","pin-type-component_cb2a20cd-d39b-4fcb-8e80-27eeaa940393_3":"#000000","pin-type-component_cb2a20cd-d39b-4fcb-8e80-27eeaa940393_4":"#ff0000","pin-type-component_cb2a20cd-d39b-4fcb-8e80-27eeaa940393_5":"#004754","pin-type-component_24644858-de68-4a38-948c-6f3eb2ad1875_0":"#ff029d","pin-type-component_24644858-de68-4a38-948c-6f3eb2ad1875_1":"#ff0011","pin-type-component_24644858-de68-4a38-948c-6f3eb2ad1875_2":"#000000","pin-type-component_24644858-de68-4a38-948c-6f3eb2ad1875_3":"#000000","pin-type-component_24644858-de68-4a38-948c-6f3eb2ad1875_4":"#ff0000","pin-type-component_24644858-de68-4a38-948c-6f3eb2ad1875_5":"#b500ff","pin-type-component_36200f35-ccde-465f-8b84-8ae8df751086_0":"#683d3b","pin-type-component_36200f35-ccde-465f-8b84-8ae8df751086_1":"#ff0011","pin-type-component_36200f35-ccde-465f-8b84-8ae8df751086_2":"#000000","pin-type-component_36200f35-ccde-465f-8b84-8ae8df751086_3":"#000000","pin-type-component_36200f35-ccde-465f-8b84-8ae8df751086_4":"#ff0000","pin-type-component_36200f35-ccde-465f-8b84-8ae8df751086_5":"#ffb167","pin-type-component_b850196c-35b7-4a4e-9dc2-8e1e11f4e8fd_0":"#09ec8a","pin-type-component_b850196c-35b7-4a4e-9dc2-8e1e11f4e8fd_1":"#ff0011","pin-type-component_b850196c-35b7-4a4e-9dc2-8e1e11f4e8fd_2":"#000000","pin-type-component_b850196c-35b7-4a4e-9dc2-8e1e11f4e8fd_3":"#000000","pin-type-component_b850196c-35b7-4a4e-9dc2-8e1e11f4e8fd_4":"#ff0000","pin-type-component_b850196c-35b7-4a4e-9dc2-8e1e11f4e8fd_5":"#00ccff","pin-type-component_253316f3-9a2a-49f4-b38a-dd9fae97e41e_0":"#bdc6ff","pin-type-component_253316f3-9a2a-49f4-b38a-dd9fae97e41e_1":"#ff0011","pin-type-component_253316f3-9a2a-49f4-b38a-dd9fae97e41e_2":"#000000","pin-type-component_253316f3-9a2a-49f4-b38a-dd9fae97e41e_3":"#000000","pin-type-component_253316f3-9a2a-49f4-b38a-dd9fae97e41e_4":"#ff0000","pin-type-component_253316f3-9a2a-49f4-b38a-dd9fae97e41e_5":"#968ae8","pin-type-component_5c27273f-f75c-4b7b-93c9-bf0fd879b6f9_0":"#fe8900","pin-type-component_5c27273f-f75c-4b7b-93c9-bf0fd879b6f9_1":"#ff0011","pin-type-component_5c27273f-f75c-4b7b-93c9-bf0fd879b6f9_2":"#000000","pin-type-component_5c27273f-f75c-4b7b-93c9-bf0fd879b6f9_3":"#000000","pin-type-component_5c27273f-f75c-4b7b-93c9-bf0fd879b6f9_4":"#ff0000","pin-type-component_5c27273f-f75c-4b7b-93c9-bf0fd879b6f9_5":"#ff74a3","pin-type-component_50703c27-87f1-4e1d-94a3-90f69eaa8385_0":"#ff74a3","pin-type-component_50703c27-87f1-4e1d-94a3-90f69eaa8385_1":"#968ae8","pin-type-component_50703c27-87f1-4e1d-94a3-90f69eaa8385_2":"#00ccff","pin-type-component_e94d48c2-269e-4bf1-963f-df30aeb48543_0":"#000000","pin-type-component_e94d48c2-269e-4bf1-963f-df30aeb48543_1":"#00ccff","pin-type-component_b08dcd49-3f7b-4f0c-840b-939fb83e8ec9_0":"#000000","pin-type-component_b08dcd49-3f7b-4f0c-840b-939fb83e8ec9_1":"#ff0000","pin-type-component_db097dbf-0f14-46e2-af99-5d8bb8150167_0":"#000000","pin-type-component_db097dbf-0f14-46e2-af99-5d8bb8150167_1":"#000000","pin-type-component_c9f30332-5a53-4111-9d42-3933fd4a0074_0":"#000000","pin-type-component_c9f30332-5a53-4111-9d42-3933fd4a0074_1":"#ffa6fe","pin-type-component_83993865-b3c7-47f4-9a21-ba1c685bce15_0":"#000000","pin-type-component_83993865-b3c7-47f4-9a21-ba1c685bce15_1":"#774d00","pin-type-component_511d09b1-640e-4d67-a8cf-5058af8cf811_0":"#000000","pin-type-component_511d09b1-640e-4d67-a8cf-5058af8cf811_1":"#7a4782","pin-type-component_274914e2-199a-4893-a0df-8951d634abd5_0":"#000000","pin-type-component_274914e2-199a-4893-a0df-8951d634abd5_1":"#004754","pin-type-component_42872f0c-023b-4a8d-b711-ddddb2778394_0":"#000000","pin-type-component_42872f0c-023b-4a8d-b711-ddddb2778394_1":"#b500ff","pin-type-component_407fe279-133d-4301-9441-f1792edf4d2a_0":"#000000","pin-type-component_407fe279-133d-4301-9441-f1792edf4d2a_1":"#ffb167"},"pin_to_state":{"pin-type-component_78549d8d-ef1d-4a51-b73f-dc6c61e4935c_0":"neutral","pin-type-component_78549d8d-ef1d-4a51-b73f-dc6c61e4935c_1":"neutral","pin-type-component_78549d8d-ef1d-4a51-b73f-dc6c61e4935c_2":"neutral","pin-type-component_78549d8d-ef1d-4a51-b73f-dc6c61e4935c_3":"neutral","pin-type-component_78549d8d-ef1d-4a51-b73f-dc6c61e4935c_4":"neutral","pin-type-component_78549d8d-ef1d-4a51-b73f-dc6c61e4935c_5":"neutral","pin-type-component_78549d8d-ef1d-4a51-b73f-dc6c61e4935c_6":"neutral","pin-type-component_78549d8d-ef1d-4a51-b73f-dc6c61e4935c_7":"neutral","pin-type-component_78549d8d-ef1d-4a51-b73f-dc6c61e4935c_8":"neutral","pin-type-component_78549d8d-ef1d-4a51-b73f-dc6c61e4935c_9":"neutral","pin-type-component_78549d8d-ef1d-4a51-b73f-dc6c61e4935c_10":"neutral","pin-type-component_78549d8d-ef1d-4a51-b73f-dc6c61e4935c_11":"neutral","pin-type-component_78549d8d-ef1d-4a51-b73f-dc6c61e4935c_12":"neutral","pin-type-component_78549d8d-ef1d-4a51-b73f-dc6c61e4935c_13":"neutral","pin-type-component_78549d8d-ef1d-4a51-b73f-dc6c61e4935c_14":"neutral","pin-type-component_78549d8d-ef1d-4a51-b73f-dc6c61e4935c_15":"neutral","pin-type-component_78549d8d-ef1d-4a51-b73f-dc6c61e4935c_16":"neutral","pin-type-component_78549d8d-ef1d-4a51-b73f-dc6c61e4935c_17":"neutral","pin-type-component_78549d8d-ef1d-4a51-b73f-dc6c61e4935c_18":"neutral","pin-type-component_78549d8d-ef1d-4a51-b73f-dc6c61e4935c_19":"neutral","pin-type-component_78549d8d-ef1d-4a51-b73f-dc6c61e4935c_20":"neutral","pin-type-component_78549d8d-ef1d-4a51-b73f-dc6c61e4935c_21":"neutral","pin-type-component_78549d8d-ef1d-4a51-b73f-dc6c61e4935c_22":"neutral","pin-type-component_78549d8d-ef1d-4a51-b73f-dc6c61e4935c_23":"neutral","pin-type-component_78549d8d-ef1d-4a51-b73f-dc6c61e4935c_24":"neutral","pin-type-component_78549d8d-ef1d-4a51-b73f-dc6c61e4935c_25":"neutral","pin-type-component_78549d8d-ef1d-4a51-b73f-dc6c61e4935c_26":"neutral","pin-type-component_78549d8d-ef1d-4a51-b73f-dc6c61e4935c_27":"neutral","pin-type-component_78549d8d-ef1d-4a51-b73f-dc6c61e4935c_28":"neutral","pin-type-component_78549d8d-ef1d-4a51-b73f-dc6c61e4935c_29":"neutral","pin-type-component_05c99d40-0c35-4639-a826-aad1c8d7b9ca_0":"neutral","pin-type-component_05c99d40-0c35-4639-a826-aad1c8d7b9ca_1":"neutral","pin-type-component_05c99d40-0c35-4639-a826-aad1c8d7b9ca_2":"neutral","pin-type-component_05c99d40-0c35-4639-a826-aad1c8d7b9ca_3":"neutral","pin-type-component_05c99d40-0c35-4639-a826-aad1c8d7b9ca_4":"neutral","pin-type-component_05c99d40-0c35-4639-a826-aad1c8d7b9ca_5":"neutral","pin-type-component_47c40847-17d5-4452-a82b-df95a96b2725_0":"neutral","pin-type-component_47c40847-17d5-4452-a82b-df95a96b2725_1":"neutral","pin-type-component_47c40847-17d5-4452-a82b-df95a96b2725_2":"neutral","pin-type-component_47c40847-17d5-4452-a82b-df95a96b2725_3":"neutral","pin-type-component_47c40847-17d5-4452-a82b-df95a96b2725_4":"neutral","pin-type-component_47c40847-17d5-4452-a82b-df95a96b2725_5":"neutral","pin-type-component_bb4e5a8a-471d-42af-a4f0-1059d745e318_0":"neutral","pin-type-component_bb4e5a8a-471d-42af-a4f0-1059d745e318_1":"neutral","pin-type-component_bb4e5a8a-471d-42af-a4f0-1059d745e318_2":"neutral","pin-type-component_bb4e5a8a-471d-42af-a4f0-1059d745e318_3":"neutral","pin-type-component_bb4e5a8a-471d-42af-a4f0-1059d745e318_4":"neutral","pin-type-component_bb4e5a8a-471d-42af-a4f0-1059d745e318_5":"neutral","pin-type-component_cb2a20cd-d39b-4fcb-8e80-27eeaa940393_0":"neutral","pin-type-component_cb2a20cd-d39b-4fcb-8e80-27eeaa940393_1":"neutral","pin-type-component_cb2a20cd-d39b-4fcb-8e80-27eeaa940393_2":"neutral","pin-type-component_cb2a20cd-d39b-4fcb-8e80-27eeaa940393_3":"neutral","pin-type-component_cb2a20cd-d39b-4fcb-8e80-27eeaa940393_4":"neutral","pin-type-component_cb2a20cd-d39b-4fcb-8e80-27eeaa940393_5":"neutral","pin-type-component_24644858-de68-4a38-948c-6f3eb2ad1875_0":"neutral","pin-type-component_24644858-de68-4a38-948c-6f3eb2ad1875_1":"neutral","pin-type-component_24644858-de68-4a38-948c-6f3eb2ad1875_2":"neutral","pin-type-component_24644858-de68-4a38-948c-6f3eb2ad1875_3":"neutral","pin-type-component_24644858-de68-4a38-948c-6f3eb2ad1875_4":"neutral","pin-type-component_24644858-de68-4a38-948c-6f3eb2ad1875_5":"neutral","pin-type-component_36200f35-ccde-465f-8b84-8ae8df751086_0":"neutral","pin-type-component_36200f35-ccde-465f-8b84-8ae8df751086_1":"neutral","pin-type-component_36200f35-ccde-465f-8b84-8ae8df751086_2":"neutral","pin-type-component_36200f35-ccde-465f-8b84-8ae8df751086_3":"neutral","pin-type-component_36200f35-ccde-465f-8b84-8ae8df751086_4":"neutral","pin-type-component_36200f35-ccde-465f-8b84-8ae8df751086_5":"neutral","pin-type-component_b850196c-35b7-4a4e-9dc2-8e1e11f4e8fd_0":"neutral","pin-type-component_b850196c-35b7-4a4e-9dc2-8e1e11f4e8fd_1":"neutral","pin-type-component_b850196c-35b7-4a4e-9dc2-8e1e11f4e8fd_2":"neutral","pin-type-component_b850196c-35b7-4a4e-9dc2-8e1e11f4e8fd_3":"neutral","pin-type-component_b850196c-35b7-4a4e-9dc2-8e1e11f4e8fd_4":"neutral","pin-type-component_b850196c-35b7-4a4e-9dc2-8e1e11f4e8fd_5":"neutral","pin-type-component_253316f3-9a2a-49f4-b38a-dd9fae97e41e_0":"neutral","pin-type-component_253316f3-9a2a-49f4-b38a-dd9fae97e41e_1":"neutral","pin-type-component_253316f3-9a2a-49f4-b38a-dd9fae97e41e_2":"neutral","pin-type-component_253316f3-9a2a-49f4-b38a-dd9fae97e41e_3":"neutral","pin-type-component_253316f3-9a2a-49f4-b38a-dd9fae97e41e_4":"neutral","pin-type-component_253316f3-9a2a-49f4-b38a-dd9fae97e41e_5":"neutral","pin-type-component_5c27273f-f75c-4b7b-93c9-bf0fd879b6f9_0":"neutral","pin-type-component_5c27273f-f75c-4b7b-93c9-bf0fd879b6f9_1":"neutral","pin-type-component_5c27273f-f75c-4b7b-93c9-bf0fd879b6f9_2":"neutral","pin-type-component_5c27273f-f75c-4b7b-93c9-bf0fd879b6f9_3":"neutral","pin-type-component_5c27273f-f75c-4b7b-93c9-bf0fd879b6f9_4":"neutral","pin-type-component_5c27273f-f75c-4b7b-93c9-bf0fd879b6f9_5":"neutral","pin-type-component_50703c27-87f1-4e1d-94a3-90f69eaa8385_0":"neutral","pin-type-component_50703c27-87f1-4e1d-94a3-90f69eaa8385_1":"neutral","pin-type-component_50703c27-87f1-4e1d-94a3-90f69eaa8385_2":"neutral","pin-type-component_e94d48c2-269e-4bf1-963f-df30aeb48543_0":"neutral","pin-type-component_e94d48c2-269e-4bf1-963f-df30aeb48543_1":"neutral","pin-type-component_b08dcd49-3f7b-4f0c-840b-939fb83e8ec9_0":"neutral","pin-type-component_b08dcd49-3f7b-4f0c-840b-939fb83e8ec9_1":"neutral","pin-type-component_db097dbf-0f14-46e2-af99-5d8bb8150167_0":"neutral","pin-type-component_db097dbf-0f14-46e2-af99-5d8bb8150167_1":"neutral","pin-type-component_c9f30332-5a53-4111-9d42-3933fd4a0074_0":"neutral","pin-type-component_c9f30332-5a53-4111-9d42-3933fd4a0074_1":"neutral","pin-type-component_83993865-b3c7-47f4-9a21-ba1c685bce15_0":"neutral","pin-type-component_83993865-b3c7-47f4-9a21-ba1c685bce15_1":"neutral","pin-type-component_511d09b1-640e-4d67-a8cf-5058af8cf811_0":"neutral","pin-type-component_511d09b1-640e-4d67-a8cf-5058af8cf811_1":"neutral","pin-type-component_274914e2-199a-4893-a0df-8951d634abd5_0":"neutral","pin-type-component_274914e2-199a-4893-a0df-8951d634abd5_1":"neutral","pin-type-component_42872f0c-023b-4a8d-b711-ddddb2778394_0":"neutral","pin-type-component_42872f0c-023b-4a8d-b711-ddddb2778394_1":"neutral","pin-type-component_407fe279-133d-4301-9441-f1792edf4d2a_0":"neutral","pin-type-component_407fe279-133d-4301-9441-f1792edf4d2a_1":"neutral"},"next_color_idx":34,"wires_placed_in_order":[["pin-type-component_0c33c687-f210-440b-a888-b709cc8f5eca_7","pin-type-component_78549d8d-ef1d-4a51-b73f-dc6c61e4935c_14"],["pin-type-component_78549d8d-ef1d-4a51-b73f-dc6c61e4935c_13","pin-type-component_0c33c687-f210-440b-a888-b709cc8f5eca_30"],["pin-type-component_0c33c687-f210-440b-a888-b709cc8f5eca_31","pin-type-component_78549d8d-ef1d-4a51-b73f-dc6c61e4935c_3"],["pin-type-component_0c33c687-f210-440b-a888-b709cc8f5eca_32","pin-type-component_78549d8d-ef1d-4a51-b73f-dc6c61e4935c_4"],["pin-type-component_0c33c687-f210-440b-a888-b709cc8f5eca_33","pin-type-component_78549d8d-ef1d-4a51-b73f-dc6c61e4935c_5"],["pin-type-component_0c33c687-f210-440b-a888-b709cc8f5eca_11","pin-type-component_78549d8d-ef1d-4a51-b73f-dc6c61e4935c_6"],["pin-type-component_0c33c687-f210-440b-a888-b709cc8f5eca_10","pin-type-component_78549d8d-ef1d-4a51-b73f-dc6c61e4935c_7"],["pin-type-component_0c33c687-f210-440b-a888-b709cc8f5eca_9","pin-type-component_78549d8d-ef1d-4a51-b73f-dc6c61e4935c_8"],["pin-type-component_0c33c687-f210-440b-a888-b709cc8f5eca_7","pin-type-component_0c33c687-f210-440b-a888-b709cc8f5eca_6"],["pin-type-component_78549d8d-ef1d-4a51-b73f-dc6c61e4935c_14","pin-type-component_0c33c687-f210-440b-a888-b709cc8f5eca_6"],["pin-type-component_36200f35-ccde-465f-8b84-8ae8df751086_1","pin-type-component_24644858-de68-4a38-948c-6f3eb2ad1875_1"],["pin-type-component_24644858-de68-4a38-948c-6f3eb2ad1875_1","pin-type-component_cb2a20cd-d39b-4fcb-8e80-27eeaa940393_1"],["pin-type-component_cb2a20cd-d39b-4fcb-8e80-27eeaa940393_1","pin-type-component_bb4e5a8a-471d-42af-a4f0-1059d745e318_1"],["pin-type-component_bb4e5a8a-471d-42af-a4f0-1059d745e318_1","pin-type-component_47c40847-17d5-4452-a82b-df95a96b2725_1"],["pin-type-component_47c40847-17d5-4452-a82b-df95a96b2725_1","pin-type-component_05c99d40-0c35-4639-a826-aad1c8d7b9ca_1"],["pin-type-component_36200f35-ccde-465f-8b84-8ae8df751086_2","pin-type-component_24644858-de68-4a38-948c-6f3eb2ad1875_2"],["pin-type-component_24644858-de68-4a38-948c-6f3eb2ad1875_2","pin-type-component_cb2a20cd-d39b-4fcb-8e80-27eeaa940393_2"],["pin-type-component_cb2a20cd-d39b-4fcb-8e80-27eeaa940393_2","pin-type-component_bb4e5a8a-471d-42af-a4f0-1059d745e318_2"],["pin-type-component_bb4e5a8a-471d-42af-a4f0-1059d745e318_2","pin-type-component_47c40847-17d5-4452-a82b-df95a96b2725_2"],["pin-type-component_47c40847-17d5-4452-a82b-df95a96b2725_2","pin-type-component_05c99d40-0c35-4639-a826-aad1c8d7b9ca_2"],["pin-type-component_36200f35-ccde-465f-8b84-8ae8df751086_1","pin-type-component_78549d8d-ef1d-4a51-b73f-dc6c61e4935c_14"],["pin-type-component_36200f35-ccde-465f-8b84-8ae8df751086_2","pin-type-component_78549d8d-ef1d-4a51-b73f-dc6c61e4935c_13"],["pin-type-component_78549d8d-ef1d-4a51-b73f-dc6c61e4935c_3","pin-type-component_05c99d40-0c35-4639-a826-aad1c8d7b9ca_0"],["pin-type-component_78549d8d-ef1d-4a51-b73f-dc6c61e4935c_4","pin-type-component_47c40847-17d5-4452-a82b-df95a96b2725_0"],["pin-type-component_78549d8d-ef1d-4a51-b73f-dc6c61e4935c_5","pin-type-component_bb4e5a8a-471d-42af-a4f0-1059d745e318_0"],["pin-type-component_78549d8d-ef1d-4a51-b73f-dc6c61e4935c_6","pin-type-component_cb2a20cd-d39b-4fcb-8e80-27eeaa940393_0"],["pin-type-component_78549d8d-ef1d-4a51-b73f-dc6c61e4935c_7","pin-type-component_24644858-de68-4a38-948c-6f3eb2ad1875_0"],["pin-type-component_78549d8d-ef1d-4a51-b73f-dc6c61e4935c_8","pin-type-component_36200f35-ccde-465f-8b84-8ae8df751086_0"],["pin-type-component_36200f35-ccde-465f-8b84-8ae8df751086_1","pin-type-component_5c27273f-f75c-4b7b-93c9-bf0fd879b6f9_1"],["pin-type-component_5c27273f-f75c-4b7b-93c9-bf0fd879b6f9_1","pin-type-component_253316f3-9a2a-49f4-b38a-dd9fae97e41e_1"],["pin-type-component_253316f3-9a2a-49f4-b38a-dd9fae97e41e_1","pin-type-component_b850196c-35b7-4a4e-9dc2-8e1e11f4e8fd_1"],["pin-type-component_36200f35-ccde-465f-8b84-8ae8df751086_2","pin-type-component_5c27273f-f75c-4b7b-93c9-bf0fd879b6f9_2"],["pin-type-component_5c27273f-f75c-4b7b-93c9-bf0fd879b6f9_2","pin-type-component_253316f3-9a2a-49f4-b38a-dd9fae97e41e_2"],["pin-type-component_253316f3-9a2a-49f4-b38a-dd9fae97e41e_2","pin-type-component_b850196c-35b7-4a4e-9dc2-8e1e11f4e8fd_2"],["pin-type-component_5c27273f-f75c-4b7b-93c9-bf0fd879b6f9_5","pin-type-component_50703c27-87f1-4e1d-94a3-90f69eaa8385_0"],["pin-type-component_253316f3-9a2a-49f4-b38a-dd9fae97e41e_5","pin-type-component_50703c27-87f1-4e1d-94a3-90f69eaa8385_1"],["pin-type-component_e94d48c2-269e-4bf1-963f-df30aeb48543_1","pin-type-component_50703c27-87f1-4e1d-94a3-90f69eaa8385_2"],["pin-type-component_50703c27-87f1-4e1d-94a3-90f69eaa8385_2","pin-type-component_b850196c-35b7-4a4e-9dc2-8e1e11f4e8fd_5"],["pin-type-component_5c27273f-f75c-4b7b-93c9-bf0fd879b6f9_4","pin-type-component_253316f3-9a2a-49f4-b38a-dd9fae97e41e_4"],["pin-type-component_253316f3-9a2a-49f4-b38a-dd9fae97e41e_4","pin-type-component_b850196c-35b7-4a4e-9dc2-8e1e11f4e8fd_4"],["pin-type-component_5c27273f-f75c-4b7b-93c9-bf0fd879b6f9_4","pin-type-component_b08dcd49-3f7b-4f0c-840b-939fb83e8ec9_1"],["pin-type-component_e94d48c2-269e-4bf1-963f-df30aeb48543_0","pin-type-component_b08dcd49-3f7b-4f0c-840b-939fb83e8ec9_0"],["pin-type-component_78549d8d-ef1d-4a51-b73f-dc6c61e4935c_9","pin-type-component_5c27273f-f75c-4b7b-93c9-bf0fd879b6f9_0"],["pin-type-component_78549d8d-ef1d-4a51-b73f-dc6c61e4935c_10","pin-type-component_253316f3-9a2a-49f4-b38a-dd9fae97e41e_0"],["pin-type-component_78549d8d-ef1d-4a51-b73f-dc6c61e4935c_11","pin-type-component_b850196c-35b7-4a4e-9dc2-8e1e11f4e8fd_0"],["pin-type-component_05c99d40-0c35-4639-a826-aad1c8d7b9ca_4","pin-type-component_47c40847-17d5-4452-a82b-df95a96b2725_4"],["pin-type-component_47c40847-17d5-4452-a82b-df95a96b2725_4","pin-type-component_bb4e5a8a-471d-42af-a4f0-1059d745e318_4"],["pin-type-component_bb4e5a8a-471d-42af-a4f0-1059d745e318_4","pin-type-component_cb2a20cd-d39b-4fcb-8e80-27eeaa940393_4"],["pin-type-component_cb2a20cd-d39b-4fcb-8e80-27eeaa940393_4","pin-type-component_24644858-de68-4a38-948c-6f3eb2ad1875_4"],["pin-type-component_24644858-de68-4a38-948c-6f3eb2ad1875_4","pin-type-component_36200f35-ccde-465f-8b84-8ae8df751086_4"],["pin-type-component_36200f35-ccde-465f-8b84-8ae8df751086_4","pin-type-component_5c27273f-f75c-4b7b-93c9-bf0fd879b6f9_4"],["pin-type-component_407fe279-133d-4301-9441-f1792edf4d2a_0","pin-type-component_42872f0c-023b-4a8d-b711-ddddb2778394_0"],["pin-type-component_b08dcd49-3f7b-4f0c-840b-939fb83e8ec9_0","pin-type-component_407fe279-133d-4301-9441-f1792edf4d2a_0"],["pin-type-component_42872f0c-023b-4a8d-b711-ddddb2778394_0","pin-type-component_274914e2-199a-4893-a0df-8951d634abd5_0"],["pin-type-component_274914e2-199a-4893-a0df-8951d634abd5_0","pin-type-component_511d09b1-640e-4d67-a8cf-5058af8cf811_0"],["pin-type-component_511d09b1-640e-4d67-a8cf-5058af8cf811_0","pin-type-component_83993865-b3c7-47f4-9a21-ba1c685bce15_0"],["pin-type-component_83993865-b3c7-47f4-9a21-ba1c685bce15_0","pin-type-component_c9f30332-5a53-4111-9d42-3933fd4a0074_0"],["pin-type-component_05c99d40-0c35-4639-a826-aad1c8d7b9ca_5","pin-type-component_c9f30332-5a53-4111-9d42-3933fd4a0074_1"],["pin-type-component_47c40847-17d5-4452-a82b-df95a96b2725_5","pin-type-component_83993865-b3c7-47f4-9a21-ba1c685bce15_1"],["pin-type-component_bb4e5a8a-471d-42af-a4f0-1059d745e318_5","pin-type-component_511d09b1-640e-4d67-a8cf-5058af8cf811_1"],["pin-type-component_cb2a20cd-d39b-4fcb-8e80-27eeaa940393_5","pin-type-component_274914e2-199a-4893-a0df-8951d634abd5_1"],["pin-type-component_24644858-de68-4a38-948c-6f3eb2ad1875_5","pin-type-component_42872f0c-023b-4a8d-b711-ddddb2778394_1"],["pin-type-component_36200f35-ccde-465f-8b84-8ae8df751086_5","pin-type-component_407fe279-133d-4301-9441-f1792edf4d2a_1"],["pin-type-component_36200f35-ccde-465f-8b84-8ae8df751086_4","pin-type-component_b08dcd49-3f7b-4f0c-840b-939fb83e8ec9_1"]],"wires_removed_and_placed_in_order":[[[],[["pin-type-component_0c33c687-f210-440b-a888-b709cc8f5eca_7","pin-type-component_78549d8d-ef1d-4a51-b73f-dc6c61e4935c_14"]]],[[],[["pin-type-component_78549d8d-ef1d-4a51-b73f-dc6c61e4935c_13","pin-type-component_0c33c687-f210-440b-a888-b709cc8f5eca_30"]]],[[],[["pin-type-component_0c33c687-f210-440b-a888-b709cc8f5eca_31","pin-type-component_78549d8d-ef1d-4a51-b73f-dc6c61e4935c_3"]]],[[],[["pin-type-component_0c33c687-f210-440b-a888-b709cc8f5eca_32","pin-type-component_78549d8d-ef1d-4a51-b73f-dc6c61e4935c_4"]]],[[],[["pin-type-component_0c33c687-f210-440b-a888-b709cc8f5eca_33","pin-type-component_78549d8d-ef1d-4a51-b73f-dc6c61e4935c_5"]]],[[],[["pin-type-component_0c33c687-f210-440b-a888-b709cc8f5eca_11","pin-type-component_78549d8d-ef1d-4a51-b73f-dc6c61e4935c_6"]]],[[],[["pin-type-component_0c33c687-f210-440b-a888-b709cc8f5eca_10","pin-type-component_78549d8d-ef1d-4a51-b73f-dc6c61e4935c_7"]]],[[],[["pin-type-component_0c33c687-f210-440b-a888-b709cc8f5eca_9","pin-type-component_78549d8d-ef1d-4a51-b73f-dc6c61e4935c_8"]]],[[],[["pin-type-component_0c33c687-f210-440b-a888-b709cc8f5eca_7","pin-type-component_0c33c687-f210-440b-a888-b709cc8f5eca_6"]]],[[["pin-type-component_0c33c687-f210-440b-a888-b709cc8f5eca_7","pin-type-component_78549d8d-ef1d-4a51-b73f-dc6c61e4935c_14"]],[]],[[["pin-type-component_0c33c687-f210-440b-a888-b709cc8f5eca_6","pin-type-component_0c33c687-f210-440b-a888-b709cc8f5eca_7"]],[]],[[],[["pin-type-component_78549d8d-ef1d-4a51-b73f-dc6c61e4935c_14","pin-type-component_0c33c687-f210-440b-a888-b709cc8f5eca_6"]]],[[["pin-type-component_0c33c687-f210-440b-a888-b709cc8f5eca_6","pin-type-component_78549d8d-ef1d-4a51-b73f-dc6c61e4935c_14"]],[]],[[["pin-type-component_0c33c687-f210-440b-a888-b709cc8f5eca_9","pin-type-component_78549d8d-ef1d-4a51-b73f-dc6c61e4935c_8"]],[]],[[["pin-type-component_0c33c687-f210-440b-a888-b709cc8f5eca_10","pin-type-component_78549d8d-ef1d-4a51-b73f-dc6c61e4935c_7"]],[]],[[["pin-type-component_0c33c687-f210-440b-a888-b709cc8f5eca_11","pin-type-component_78549d8d-ef1d-4a51-b73f-dc6c61e4935c_6"]],[]],[[["pin-type-component_0c33c687-f210-440b-a888-b709cc8f5eca_30","pin-type-component_78549d8d-ef1d-4a51-b73f-dc6c61e4935c_13"]],[]],[[["pin-type-component_0c33c687-f210-440b-a888-b709cc8f5eca_31","pin-type-component_78549d8d-ef1d-4a51-b73f-dc6c61e4935c_3"]],[]],[[["pin-type-component_0c33c687-f210-440b-a888-b709cc8f5eca_32","pin-type-component_78549d8d-ef1d-4a51-b73f-dc6c61e4935c_4"]],[]],[[["pin-type-component_0c33c687-f210-440b-a888-b709cc8f5eca_33","pin-type-component_78549d8d-ef1d-4a51-b73f-dc6c61e4935c_5"]],[]],[[],[["pin-type-component_36200f35-ccde-465f-8b84-8ae8df751086_1","pin-type-component_24644858-de68-4a38-948c-6f3eb2ad1875_1"]]],[[],[["pin-type-component_24644858-de68-4a38-948c-6f3eb2ad1875_1","pin-type-component_cb2a20cd-d39b-4fcb-8e80-27eeaa940393_1"]]],[[],[["pin-type-component_cb2a20cd-d39b-4fcb-8e80-27eeaa940393_1","pin-type-component_bb4e5a8a-471d-42af-a4f0-1059d745e318_1"]]],[[],[["pin-type-component_bb4e5a8a-471d-42af-a4f0-1059d745e318_1","pin-type-component_47c40847-17d5-4452-a82b-df95a96b2725_1"]]],[[],[["pin-type-component_47c40847-17d5-4452-a82b-df95a96b2725_1","pin-type-component_05c99d40-0c35-4639-a826-aad1c8d7b9ca_1"]]],[[],[["pin-type-component_36200f35-ccde-465f-8b84-8ae8df751086_2","pin-type-component_24644858-de68-4a38-948c-6f3eb2ad1875_2"]]],[[],[["pin-type-component_24644858-de68-4a38-948c-6f3eb2ad1875_2","pin-type-component_cb2a20cd-d39b-4fcb-8e80-27eeaa940393_2"]]],[[],[["pin-type-component_cb2a20cd-d39b-4fcb-8e80-27eeaa940393_2","pin-type-component_bb4e5a8a-471d-42af-a4f0-1059d745e318_2"]]],[[],[["pin-type-component_bb4e5a8a-471d-42af-a4f0-1059d745e318_2","pin-type-component_47c40847-17d5-4452-a82b-df95a96b2725_2"]]],[[],[["pin-type-component_47c40847-17d5-4452-a82b-df95a96b2725_2","pin-type-component_05c99d40-0c35-4639-a826-aad1c8d7b9ca_2"]]],[[],[["pin-type-component_36200f35-ccde-465f-8b84-8ae8df751086_1","pin-type-component_78549d8d-ef1d-4a51-b73f-dc6c61e4935c_14"]]],[[],[["pin-type-component_36200f35-ccde-465f-8b84-8ae8df751086_2","pin-type-component_78549d8d-ef1d-4a51-b73f-dc6c61e4935c_13"]]],[[],[["pin-type-component_78549d8d-ef1d-4a51-b73f-dc6c61e4935c_3","pin-type-component_05c99d40-0c35-4639-a826-aad1c8d7b9ca_0"]]],[[],[["pin-type-component_78549d8d-ef1d-4a51-b73f-dc6c61e4935c_4","pin-type-component_47c40847-17d5-4452-a82b-df95a96b2725_0"]]],[[],[["pin-type-component_78549d8d-ef1d-4a51-b73f-dc6c61e4935c_5","pin-type-component_bb4e5a8a-471d-42af-a4f0-1059d745e318_0"]]],[[],[["pin-type-component_78549d8d-ef1d-4a51-b73f-dc6c61e4935c_6","pin-type-component_cb2a20cd-d39b-4fcb-8e80-27eeaa940393_0"]]],[[],[["pin-type-component_78549d8d-ef1d-4a51-b73f-dc6c61e4935c_7","pin-type-component_24644858-de68-4a38-948c-6f3eb2ad1875_0"]]],[[],[["pin-type-component_78549d8d-ef1d-4a51-b73f-dc6c61e4935c_8","pin-type-component_36200f35-ccde-465f-8b84-8ae8df751086_0"]]],[[],[["pin-type-component_36200f35-ccde-465f-8b84-8ae8df751086_1","pin-type-component_5c27273f-f75c-4b7b-93c9-bf0fd879b6f9_1"]]],[[],[["pin-type-component_5c27273f-f75c-4b7b-93c9-bf0fd879b6f9_1","pin-type-component_253316f3-9a2a-49f4-b38a-dd9fae97e41e_1"]]],[[],[["pin-type-component_253316f3-9a2a-49f4-b38a-dd9fae97e41e_1","pin-type-component_b850196c-35b7-4a4e-9dc2-8e1e11f4e8fd_1"]]],[[],[["pin-type-component_36200f35-ccde-465f-8b84-8ae8df751086_2","pin-type-component_5c27273f-f75c-4b7b-93c9-bf0fd879b6f9_2"]]],[[],[["pin-type-component_5c27273f-f75c-4b7b-93c9-bf0fd879b6f9_2","pin-type-component_253316f3-9a2a-49f4-b38a-dd9fae97e41e_2"]]],[[],[["pin-type-component_253316f3-9a2a-49f4-b38a-dd9fae97e41e_2","pin-type-component_b850196c-35b7-4a4e-9dc2-8e1e11f4e8fd_2"]]],[[],[["pin-type-component_5c27273f-f75c-4b7b-93c9-bf0fd879b6f9_5","pin-type-component_50703c27-87f1-4e1d-94a3-90f69eaa8385_0"]]],[[],[["pin-type-component_253316f3-9a2a-49f4-b38a-dd9fae97e41e_5","pin-type-component_50703c27-87f1-4e1d-94a3-90f69eaa8385_1"]]],[[],[["pin-type-component_e94d48c2-269e-4bf1-963f-df30aeb48543_1","pin-type-component_50703c27-87f1-4e1d-94a3-90f69eaa8385_2"]]],[[],[["pin-type-component_50703c27-87f1-4e1d-94a3-90f69eaa8385_2","pin-type-component_b850196c-35b7-4a4e-9dc2-8e1e11f4e8fd_5"]]],[[],[["pin-type-component_5c27273f-f75c-4b7b-93c9-bf0fd879b6f9_4","pin-type-component_253316f3-9a2a-49f4-b38a-dd9fae97e41e_4"]]],[[],[["pin-type-component_253316f3-9a2a-49f4-b38a-dd9fae97e41e_4","pin-type-component_b850196c-35b7-4a4e-9dc2-8e1e11f4e8fd_4"]]],[[],[["pin-type-component_5c27273f-f75c-4b7b-93c9-bf0fd879b6f9_4","pin-type-component_b08dcd49-3f7b-4f0c-840b-939fb83e8ec9_1"]]],[[],[["pin-type-component_e94d48c2-269e-4bf1-963f-df30aeb48543_0","pin-type-component_b08dcd49-3f7b-4f0c-840b-939fb83e8ec9_0"]]],[[],[["pin-type-component_78549d8d-ef1d-4a51-b73f-dc6c61e4935c_9","pin-type-component_5c27273f-f75c-4b7b-93c9-bf0fd879b6f9_0"]]],[[],[["pin-type-component_78549d8d-ef1d-4a51-b73f-dc6c61e4935c_10","pin-type-component_253316f3-9a2a-49f4-b38a-dd9fae97e41e_0"]]],[[],[["pin-type-component_78549d8d-ef1d-4a51-b73f-dc6c61e4935c_11","pin-type-component_b850196c-35b7-4a4e-9dc2-8e1e11f4e8fd_0"]]],[[],[["pin-type-component_05c99d40-0c35-4639-a826-aad1c8d7b9ca_4","pin-type-component_47c40847-17d5-4452-a82b-df95a96b2725_4"]]],[[],[["pin-type-component_47c40847-17d5-4452-a82b-df95a96b2725_4","pin-type-component_bb4e5a8a-471d-42af-a4f0-1059d745e318_4"]]],[[],[["pin-type-component_bb4e5a8a-471d-42af-a4f0-1059d745e318_4","pin-type-component_cb2a20cd-d39b-4fcb-8e80-27eeaa940393_4"]]],[[],[["pin-type-component_cb2a20cd-d39b-4fcb-8e80-27eeaa940393_4","pin-type-component_24644858-de68-4a38-948c-6f3eb2ad1875_4"]]],[[],[["pin-type-component_24644858-de68-4a38-948c-6f3eb2ad1875_4","pin-type-component_36200f35-ccde-465f-8b84-8ae8df751086_4"]]],[[],[["pin-type-component_36200f35-ccde-465f-8b84-8ae8df751086_4","pin-type-component_5c27273f-f75c-4b7b-93c9-bf0fd879b6f9_4"]]],[[],[["pin-type-component_407fe279-133d-4301-9441-f1792edf4d2a_0","pin-type-component_42872f0c-023b-4a8d-b711-ddddb2778394_0"]]],[[],[["pin-type-component_b08dcd49-3f7b-4f0c-840b-939fb83e8ec9_0","pin-type-component_407fe279-133d-4301-9441-f1792edf4d2a_0"]]],[[],[["pin-type-component_42872f0c-023b-4a8d-b711-ddddb2778394_0","pin-type-component_274914e2-199a-4893-a0df-8951d634abd5_0"]]],[[],[["pin-type-component_274914e2-199a-4893-a0df-8951d634abd5_0","pin-type-component_511d09b1-640e-4d67-a8cf-5058af8cf811_0"]]],[[],[["pin-type-component_511d09b1-640e-4d67-a8cf-5058af8cf811_0","pin-type-component_83993865-b3c7-47f4-9a21-ba1c685bce15_0"]]],[[],[["pin-type-component_83993865-b3c7-47f4-9a21-ba1c685bce15_0","pin-type-component_c9f30332-5a53-4111-9d42-3933fd4a0074_0"]]],[[],[["pin-type-component_05c99d40-0c35-4639-a826-aad1c8d7b9ca_5","pin-type-component_c9f30332-5a53-4111-9d42-3933fd4a0074_1"]]],[[],[["pin-type-component_47c40847-17d5-4452-a82b-df95a96b2725_5","pin-type-component_83993865-b3c7-47f4-9a21-ba1c685bce15_1"]]],[[],[["pin-type-component_bb4e5a8a-471d-42af-a4f0-1059d745e318_5","pin-type-component_511d09b1-640e-4d67-a8cf-5058af8cf811_1"]]],[[],[["pin-type-component_cb2a20cd-d39b-4fcb-8e80-27eeaa940393_5","pin-type-component_274914e2-199a-4893-a0df-8951d634abd5_1"]]],[[],[["pin-type-component_24644858-de68-4a38-948c-6f3eb2ad1875_5","pin-type-component_42872f0c-023b-4a8d-b711-ddddb2778394_1"]]],[[],[["pin-type-component_36200f35-ccde-465f-8b84-8ae8df751086_5","pin-type-component_407fe279-133d-4301-9441-f1792edf4d2a_1"]]],[[["pin-type-component_36200f35-ccde-465f-8b84-8ae8df751086_4","pin-type-component_5c27273f-f75c-4b7b-93c9-bf0fd879b6f9_4"]],[]],[[],[["pin-type-component_36200f35-ccde-465f-8b84-8ae8df751086_4","pin-type-component_b08dcd49-3f7b-4f0c-840b-939fb83e8ec9_1"]]]],"arduino_state":"arduino_off","pin_to_uid":{"pin-type-component_78549d8d-ef1d-4a51-b73f-dc6c61e4935c_0":"_","pin-type-component_78549d8d-ef1d-4a51-b73f-dc6c61e4935c_1":"_","pin-type-component_78549d8d-ef1d-4a51-b73f-dc6c61e4935c_2":"_","pin-type-component_78549d8d-ef1d-4a51-b73f-dc6c61e4935c_3":"0000000000000002","pin-type-component_78549d8d-ef1d-4a51-b73f-dc6c61e4935c_4":"0000000000000003","pin-type-component_78549d8d-ef1d-4a51-b73f-dc6c61e4935c_5":"0000000000000004","pin-type-component_78549d8d-ef1d-4a51-b73f-dc6c61e4935c_6":"0000000000000005","pin-type-component_78549d8d-ef1d-4a51-b73f-dc6c61e4935c_7":"0000000000000006","pin-type-component_78549d8d-ef1d-4a51-b73f-dc6c61e4935c_8":"0000000000000007","pin-type-component_78549d8d-ef1d-4a51-b73f-dc6c61e4935c_9":"0000000000000013","pin-type-component_78549d8d-ef1d-4a51-b73f-dc6c61e4935c_10":"0000000000000014","pin-type-component_78549d8d-ef1d-4a51-b73f-dc6c61e4935c_11":"0000000000000015","pin-type-component_78549d8d-ef1d-4a51-b73f-dc6c61e4935c_12":"_","pin-type-component_78549d8d-ef1d-4a51-b73f-dc6c61e4935c_13":"0000000000000001","pin-type-component_78549d8d-ef1d-4a51-b73f-dc6c61e4935c_14":"0000000000000000","pin-type-component_78549d8d-ef1d-4a51-b73f-dc6c61e4935c_15":"_","pin-type-component_78549d8d-ef1d-4a51-b73f-dc6c61e4935c_16":"_","pin-type-component_78549d8d-ef1d-4a51-b73f-dc6c61e4935c_17":"_","pin-type-component_78549d8d-ef1d-4a51-b73f-dc6c61e4935c_18":"_","pin-type-component_78549d8d-ef1d-4a51-b73f-dc6c61e4935c_19":"_","pin-type-component_78549d8d-ef1d-4a51-b73f-dc6c61e4935c_20":"_","pin-type-component_78549d8d-ef1d-4a51-b73f-dc6c61e4935c_21":"_","pin-type-component_78549d8d-ef1d-4a51-b73f-dc6c61e4935c_22":"_","pin-type-component_78549d8d-ef1d-4a51-b73f-dc6c61e4935c_23":"_","pin-type-component_78549d8d-ef1d-4a51-b73f-dc6c61e4935c_24":"_","pin-type-component_78549d8d-ef1d-4a51-b73f-dc6c61e4935c_25":"_","pin-type-component_78549d8d-ef1d-4a51-b73f-dc6c61e4935c_26":"_","pin-type-component_78549d8d-ef1d-4a51-b73f-dc6c61e4935c_27":"_","pin-type-component_78549d8d-ef1d-4a51-b73f-dc6c61e4935c_28":"_","pin-type-component_78549d8d-ef1d-4a51-b73f-dc6c61e4935c_29":"_","pin-type-component_05c99d40-0c35-4639-a826-aad1c8d7b9ca_0":"0000000000000002","pin-type-component_05c99d40-0c35-4639-a826-aad1c8d7b9ca_1":"0000000000000000","pin-type-component_05c99d40-0c35-4639-a826-aad1c8d7b9ca_2":"0000000000000001","pin-type-component_05c99d40-0c35-4639-a826-aad1c8d7b9ca_3":"_","pin-type-component_05c99d40-0c35-4639-a826-aad1c8d7b9ca_4":"0000000000000011","pin-type-component_05c99d40-0c35-4639-a826-aad1c8d7b9ca_5":"0000000000000016","pin-type-component_47c40847-17d5-4452-a82b-df95a96b2725_0":"0000000000000003","pin-type-component_47c40847-17d5-4452-a82b-df95a96b2725_1":"0000000000000000","pin-type-component_47c40847-17d5-4452-a82b-df95a96b2725_2":"0000000000000001","pin-type-component_47c40847-17d5-4452-a82b-df95a96b2725_3":"_","pin-type-component_47c40847-17d5-4452-a82b-df95a96b2725_4":"0000000000000011","pin-type-component_47c40847-17d5-4452-a82b-df95a96b2725_5":"0000000000000017","pin-type-component_bb4e5a8a-471d-42af-a4f0-1059d745e318_0":"0000000000000004","pin-type-component_bb4e5a8a-471d-42af-a4f0-1059d745e318_1":"0000000000000000","pin-type-component_bb4e5a8a-471d-42af-a4f0-1059d745e318_2":"0000000000000001","pin-type-component_bb4e5a8a-471d-42af-a4f0-1059d745e318_3":"_","pin-type-component_bb4e5a8a-471d-42af-a4f0-1059d745e318_4":"0000000000000011","pin-type-component_bb4e5a8a-471d-42af-a4f0-1059d745e318_5":"0000000000000018","pin-type-component_cb2a20cd-d39b-4fcb-8e80-27eeaa940393_0":"0000000000000005","pin-type-component_cb2a20cd-d39b-4fcb-8e80-27eeaa940393_1":"0000000000000000","pin-type-component_cb2a20cd-d39b-4fcb-8e80-27eeaa940393_2":"0000000000000001","pin-type-component_cb2a20cd-d39b-4fcb-8e80-27eeaa940393_3":"_","pin-type-component_cb2a20cd-d39b-4fcb-8e80-27eeaa940393_4":"0000000000000011","pin-type-component_cb2a20cd-d39b-4fcb-8e80-27eeaa940393_5":"0000000000000019","pin-type-component_24644858-de68-4a38-948c-6f3eb2ad1875_0":"0000000000000006","pin-type-component_24644858-de68-4a38-948c-6f3eb2ad1875_1":"0000000000000000","pin-type-component_24644858-de68-4a38-948c-6f3eb2ad1875_2":"0000000000000001","pin-type-component_24644858-de68-4a38-948c-6f3eb2ad1875_3":"_","pin-type-component_24644858-de68-4a38-948c-6f3eb2ad1875_4":"0000000000000011","pin-type-component_24644858-de68-4a38-948c-6f3eb2ad1875_5":"0000000000000020","pin-type-component_36200f35-ccde-465f-8b84-8ae8df751086_0":"0000000000000007","pin-type-component_36200f35-ccde-465f-8b84-8ae8df751086_1":"0000000000000000","pin-type-component_36200f35-ccde-465f-8b84-8ae8df751086_2":"0000000000000001","pin-type-component_36200f35-ccde-465f-8b84-8ae8df751086_3":"_","pin-type-component_36200f35-ccde-465f-8b84-8ae8df751086_4":"0000000000000011","pin-type-component_36200f35-ccde-465f-8b84-8ae8df751086_5":"0000000000000021","pin-type-component_b850196c-35b7-4a4e-9dc2-8e1e11f4e8fd_0":"0000000000000015","pin-type-component_b850196c-35b7-4a4e-9dc2-8e1e11f4e8fd_1":"0000000000000000","pin-type-component_b850196c-35b7-4a4e-9dc2-8e1e11f4e8fd_2":"0000000000000001","pin-type-component_b850196c-35b7-4a4e-9dc2-8e1e11f4e8fd_3":"_","pin-type-component_b850196c-35b7-4a4e-9dc2-8e1e11f4e8fd_4":"0000000000000011","pin-type-component_b850196c-35b7-4a4e-9dc2-8e1e11f4e8fd_5":"0000000000000010","pin-type-component_253316f3-9a2a-49f4-b38a-dd9fae97e41e_0":"0000000000000014","pin-type-component_253316f3-9a2a-49f4-b38a-dd9fae97e41e_1":"0000000000000000","pin-type-component_253316f3-9a2a-49f4-b38a-dd9fae97e41e_2":"0000000000000001","pin-type-component_253316f3-9a2a-49f4-b38a-dd9fae97e41e_3":"_","pin-type-component_253316f3-9a2a-49f4-b38a-dd9fae97e41e_4":"0000000000000011","pin-type-component_253316f3-9a2a-49f4-b38a-dd9fae97e41e_5":"0000000000000009","pin-type-component_5c27273f-f75c-4b7b-93c9-bf0fd879b6f9_0":"0000000000000013","pin-type-component_5c27273f-f75c-4b7b-93c9-bf0fd879b6f9_1":"0000000000000000","pin-type-component_5c27273f-f75c-4b7b-93c9-bf0fd879b6f9_2":"0000000000000001","pin-type-component_5c27273f-f75c-4b7b-93c9-bf0fd879b6f9_3":"_","pin-type-component_5c27273f-f75c-4b7b-93c9-bf0fd879b6f9_4":"0000000000000011","pin-type-component_5c27273f-f75c-4b7b-93c9-bf0fd879b6f9_5":"0000000000000008","pin-type-component_50703c27-87f1-4e1d-94a3-90f69eaa8385_0":"0000000000000008","pin-type-component_50703c27-87f1-4e1d-94a3-90f69eaa8385_1":"0000000000000009","pin-type-component_50703c27-87f1-4e1d-94a3-90f69eaa8385_2":"0000000000000010","pin-type-component_e94d48c2-269e-4bf1-963f-df30aeb48543_0":"0000000000000012","pin-type-component_e94d48c2-269e-4bf1-963f-df30aeb48543_1":"0000000000000010","pin-type-component_b08dcd49-3f7b-4f0c-840b-939fb83e8ec9_0":"0000000000000012","pin-type-component_b08dcd49-3f7b-4f0c-840b-939fb83e8ec9_1":"0000000000000011","pin-type-component_db097dbf-0f14-46e2-af99-5d8bb8150167_0":"_","pin-type-component_db097dbf-0f14-46e2-af99-5d8bb8150167_1":"_","pin-type-component_c9f30332-5a53-4111-9d42-3933fd4a0074_0":"0000000000000012","pin-type-component_c9f30332-5a53-4111-9d42-3933fd4a0074_1":"0000000000000016","pin-type-component_83993865-b3c7-47f4-9a21-ba1c685bce15_0":"0000000000000012","pin-type-component_83993865-b3c7-47f4-9a21-ba1c685bce15_1":"0000000000000017","pin-type-component_511d09b1-640e-4d67-a8cf-5058af8cf811_0":"0000000000000012","pin-type-component_511d09b1-640e-4d67-a8cf-5058af8cf811_1":"0000000000000018","pin-type-component_274914e2-199a-4893-a0df-8951d634abd5_0":"0000000000000012","pin-type-component_274914e2-199a-4893-a0df-8951d634abd5_1":"0000000000000019","pin-type-component_42872f0c-023b-4a8d-b711-ddddb2778394_0":"0000000000000012","pin-type-component_42872f0c-023b-4a8d-b711-ddddb2778394_1":"0000000000000020","pin-type-component_407fe279-133d-4301-9441-f1792edf4d2a_0":"0000000000000012","pin-type-component_407fe279-133d-4301-9441-f1792edf4d2a_1":"0000000000000021"},"component_id_to_pins":{"78549d8d-ef1d-4a51-b73f-dc6c61e4935c":["0","1","2","3","4","5","6","7","8","9","10","11","12","13","14","15","16","17","18","19","20","21","22","23","24","25","26","27","28","29"],"05c99d40-0c35-4639-a826-aad1c8d7b9ca":["0","1","2","3","4","5"],"47c40847-17d5-4452-a82b-df95a96b2725":["0","1","2","3","4","5"],"bb4e5a8a-471d-42af-a4f0-1059d745e318":["0","1","2","3","4","5"],"cb2a20cd-d39b-4fcb-8e80-27eeaa940393":["0","1","2","3","4","5"],"24644858-de68-4a38-948c-6f3eb2ad1875":["0","1","2","3","4","5"],"36200f35-ccde-465f-8b84-8ae8df751086":["0","1","2","3","4","5"],"b850196c-35b7-4a4e-9dc2-8e1e11f4e8fd":["0","1","2","3","4","5"],"253316f3-9a2a-49f4-b38a-dd9fae97e41e":["0","1","2","3","4","5"],"5c27273f-f75c-4b7b-93c9-bf0fd879b6f9":["0","1","2","3","4","5"],"50703c27-87f1-4e1d-94a3-90f69eaa8385":["0","1","2"],"e94d48c2-269e-4bf1-963f-df30aeb48543":["0","1"],"b08dcd49-3f7b-4f0c-840b-939fb83e8ec9":["0","1"],"db097dbf-0f14-46e2-af99-5d8bb8150167":["0","1"],"c9f30332-5a53-4111-9d42-3933fd4a0074":["0","1"],"83993865-b3c7-47f4-9a21-ba1c685bce15":["0","1"],"511d09b1-640e-4d67-a8cf-5058af8cf811":["0","1"],"274914e2-199a-4893-a0df-8951d634abd5":["0","1"],"42872f0c-023b-4a8d-b711-ddddb2778394":["0","1"],"407fe279-133d-4301-9441-f1792edf4d2a":["0","1"]},"uid_to_net":{"_":[],"0000000000000000":["pin-type-component_05c99d40-0c35-4639-a826-aad1c8d7b9ca_1","pin-type-component_24644858-de68-4a38-948c-6f3eb2ad1875_1","pin-type-component_253316f3-9a2a-49f4-b38a-dd9fae97e41e_1","pin-type-component_36200f35-ccde-465f-8b84-8ae8df751086_1","pin-type-component_47c40847-17d5-4452-a82b-df95a96b2725_1","pin-type-component_5c27273f-f75c-4b7b-93c9-bf0fd879b6f9_1","pin-type-component_78549d8d-ef1d-4a51-b73f-dc6c61e4935c_14","pin-type-component_bb4e5a8a-471d-42af-a4f0-1059d745e318_1","pin-type-component_cb2a20cd-d39b-4fcb-8e80-27eeaa940393_1","pin-type-component_b850196c-35b7-4a4e-9dc2-8e1e11f4e8fd_1"],"0000000000000001":["pin-type-component_05c99d40-0c35-4639-a826-aad1c8d7b9ca_2","pin-type-component_24644858-de68-4a38-948c-6f3eb2ad1875_2","pin-type-component_253316f3-9a2a-49f4-b38a-dd9fae97e41e_2","pin-type-component_36200f35-ccde-465f-8b84-8ae8df751086_2","pin-type-component_47c40847-17d5-4452-a82b-df95a96b2725_2","pin-type-component_5c27273f-f75c-4b7b-93c9-bf0fd879b6f9_2","pin-type-component_78549d8d-ef1d-4a51-b73f-dc6c61e4935c_13","pin-type-component_bb4e5a8a-471d-42af-a4f0-1059d745e318_2","pin-type-component_cb2a20cd-d39b-4fcb-8e80-27eeaa940393_2","pin-type-component_b850196c-35b7-4a4e-9dc2-8e1e11f4e8fd_2"],"0000000000000002":["pin-type-component_78549d8d-ef1d-4a51-b73f-dc6c61e4935c_3","pin-type-component_05c99d40-0c35-4639-a826-aad1c8d7b9ca_0"],"0000000000000003":["pin-type-component_78549d8d-ef1d-4a51-b73f-dc6c61e4935c_4","pin-type-component_47c40847-17d5-4452-a82b-df95a96b2725_0"],"0000000000000004":["pin-type-component_78549d8d-ef1d-4a51-b73f-dc6c61e4935c_5","pin-type-component_bb4e5a8a-471d-42af-a4f0-1059d745e318_0"],"0000000000000005":["pin-type-component_78549d8d-ef1d-4a51-b73f-dc6c61e4935c_6","pin-type-component_cb2a20cd-d39b-4fcb-8e80-27eeaa940393_0"],"0000000000000006":["pin-type-component_78549d8d-ef1d-4a51-b73f-dc6c61e4935c_7","pin-type-component_24644858-de68-4a38-948c-6f3eb2ad1875_0"],"0000000000000007":["pin-type-component_78549d8d-ef1d-4a51-b73f-dc6c61e4935c_8","pin-type-component_36200f35-ccde-465f-8b84-8ae8df751086_0"],"0000000000000008":["pin-type-component_5c27273f-f75c-4b7b-93c9-bf0fd879b6f9_5","pin-type-component_50703c27-87f1-4e1d-94a3-90f69eaa8385_0"],"0000000000000009":["pin-type-component_253316f3-9a2a-49f4-b38a-dd9fae97e41e_5","pin-type-component_50703c27-87f1-4e1d-94a3-90f69eaa8385_1"],"0000000000000010":["pin-type-component_50703c27-87f1-4e1d-94a3-90f69eaa8385_2","pin-type-component_e94d48c2-269e-4bf1-963f-df30aeb48543_1","pin-type-component_b850196c-35b7-4a4e-9dc2-8e1e11f4e8fd_5"],"0000000000000011":["pin-type-component_05c99d40-0c35-4639-a826-aad1c8d7b9ca_4","pin-type-component_24644858-de68-4a38-948c-6f3eb2ad1875_4","pin-type-component_253316f3-9a2a-49f4-b38a-dd9fae97e41e_4","pin-type-component_36200f35-ccde-465f-8b84-8ae8df751086_4","pin-type-component_47c40847-17d5-4452-a82b-df95a96b2725_4","pin-type-component_5c27273f-f75c-4b7b-93c9-bf0fd879b6f9_4","pin-type-component_b08dcd49-3f7b-4f0c-840b-939fb83e8ec9_1","pin-type-component_b850196c-35b7-4a4e-9dc2-8e1e11f4e8fd_4","pin-type-component_bb4e5a8a-471d-42af-a4f0-1059d745e318_4","pin-type-component_cb2a20cd-d39b-4fcb-8e80-27eeaa940393_4"],"0000000000000012":["pin-type-component_274914e2-199a-4893-a0df-8951d634abd5_0","pin-type-component_407fe279-133d-4301-9441-f1792edf4d2a_0","pin-type-component_42872f0c-023b-4a8d-b711-ddddb2778394_0","pin-type-component_511d09b1-640e-4d67-a8cf-5058af8cf811_0","pin-type-component_83993865-b3c7-47f4-9a21-ba1c685bce15_0","pin-type-component_b08dcd49-3f7b-4f0c-840b-939fb83e8ec9_0","pin-type-component_e94d48c2-269e-4bf1-963f-df30aeb48543_0","pin-type-component_c9f30332-5a53-4111-9d42-3933fd4a0074_0"],"0000000000000013":["pin-type-component_78549d8d-ef1d-4a51-b73f-dc6c61e4935c_9","pin-type-component_5c27273f-f75c-4b7b-93c9-bf0fd879b6f9_0"],"0000000000000014":["pin-type-component_78549d8d-ef1d-4a51-b73f-dc6c61e4935c_10","pin-type-component_253316f3-9a2a-49f4-b38a-dd9fae97e41e_0"],"0000000000000015":["pin-type-component_78549d8d-ef1d-4a51-b73f-dc6c61e4935c_11","pin-type-component_b850196c-35b7-4a4e-9dc2-8e1e11f4e8fd_0"],"0000000000000016":["pin-type-component_05c99d40-0c35-4639-a826-aad1c8d7b9ca_5","pin-type-component_c9f30332-5a53-4111-9d42-3933fd4a0074_1"],"0000000000000017":["pin-type-component_47c40847-17d5-4452-a82b-df95a96b2725_5","pin-type-component_83993865-b3c7-47f4-9a21-ba1c685bce15_1"],"0000000000000018":["pin-type-component_bb4e5a8a-471d-42af-a4f0-1059d745e318_5","pin-type-component_511d09b1-640e-4d67-a8cf-5058af8cf811_1"],"0000000000000019":["pin-type-component_cb2a20cd-d39b-4fcb-8e80-27eeaa940393_5","pin-type-component_274914e2-199a-4893-a0df-8951d634abd5_1"],"0000000000000020":["pin-type-component_24644858-de68-4a38-948c-6f3eb2ad1875_5","pin-type-component_42872f0c-023b-4a8d-b711-ddddb2778394_1"],"0000000000000021":["pin-type-component_36200f35-ccde-465f-8b84-8ae8df751086_5","pin-type-component_407fe279-133d-4301-9441-f1792edf4d2a_1"]},"uid_to_text_label":{"0000000000000000":"Net 0","0000000000000001":"Net 1","0000000000000002":"Net 2","0000000000000003":"Net 3","0000000000000004":"Net 4","0000000000000005":"Net 5","0000000000000006":"Net 6","0000000000000007":"Net 7","0000000000000008":"Net 8","0000000000000009":"Net 9","0000000000000010":"Net 10","0000000000000011":"Net 11","0000000000000012":"Net 12","0000000000000013":"Net 13","0000000000000014":"Net 14","0000000000000015":"Net 15","0000000000000016":"Net 16","0000000000000017":"Net 17","0000000000000018":"Net 18","0000000000000019":"Net 19","0000000000000020":"Net 20","0000000000000021":"Net 21"},"all_breadboard_info_list":[],"breadboard_info_list":[],"componentsData":[{"compProperties":{},"position":[469.85367099999974,140.3708315],"typeId":"ae4c1c68-ab39-efa4-24a9-4649361f62b6","componentVersion":1,"instanceId":"cb2a20cd-d39b-4fcb-8e80-27eeaa940393","orientation":"up","circleData":[[572.5,125],[572.5,155.00215250000005],[572.5,140.00003300000003],[379.96306149999975,170.46073100000012],[380.02267899999975,140.31711950000002],[379.9574469999998,110.47407800000002]],"cirkitStudioVersion":"1.3.2"},{"compProperties":{},"position":[469.85367099999974,350.3708314999999],"typeId":"ae4c1c68-ab39-efa4-24a9-4649361f62b6","componentVersion":1,"instanceId":"36200f35-ccde-465f-8b84-8ae8df751086","orientation":"up","circleData":[[572.5,335],[572.5,365.00215249999997],[572.5,350.00003300000003],[379.96306149999975,380.460731],[380.02267899999975,350.3171195],[379.9574469999998,320.474078]],"cirkitStudioVersion":"1.3.2"},{"compProperties":{},"position":[932.8708315000001,557.6463290000003],"typeId":"ae4c1c68-ab39-efa4-24a9-4649361f62b6","componentVersion":1,"instanceId":"b850196c-35b7-4a4e-9dc2-8e1e11f4e8fd","orientation":"left","circleData":[[917.4999999999999,455],[947.5021524999999,455],[932.5000329999999,455],[962.9607309999999,647.5369385000001],[932.8171194999999,647.4773210000001],[902.9740779999998,647.542553]],"cirkitStudioVersion":"1.3.2"},{"compProperties":{},"position":[797.8708314999999,557.6463290000002],"typeId":"ae4c1c68-ab39-efa4-24a9-4649361f62b6","componentVersion":1,"instanceId":"253316f3-9a2a-49f4-b38a-dd9fae97e41e","orientation":"left","circleData":[[782.5,455],[812.5021525,455],[797.500033,455],[827.9607309999999,647.5369385000001],[797.8171195,647.4773210000001],[767.974078,647.542553]],"cirkitStudioVersion":"1.3.2"},{"compProperties":{},"position":[662.8708315,557.646329],"typeId":"ae4c1c68-ab39-efa4-24a9-4649361f62b6","componentVersion":1,"instanceId":"5c27273f-f75c-4b7b-93c9-bf0fd879b6f9","orientation":"left","circleData":[[647.5,455],[677.5021525,455],[662.500033,455],[692.960731,647.5369385000001],[662.8171195,647.4773210000001],[632.974078,647.542553]],"cirkitStudioVersion":"1.3.2"},{"compProperties":{},"position":[785.0000005,802.5000004999999],"typeId":"96322d3d-47c8-4cd5-9379-7469461c1943","componentVersion":3,"instanceId":"50703c27-87f1-4e1d-94a3-90f69eaa8385","orientation":"up","circleData":[[737.5,755],[820,755],[797.5,867.5]],"cirkitStudioVersion":"1.3.2"},{"compProperties":{},"position":[803.4244495,998.5288744999998],"typeId":"1f7a3b9b-b412-4a22-9265-98815d5d3d27","componentVersion":1,"instanceId":"e94d48c2-269e-4bf1-963f-df30aeb48543","orientation":"up","circleData":[[782.5,965],[797.5,965]],"cirkitStudioVersion":"1.3.2"},{"compProperties":{},"position":[495.35369949999995,865.35365],"typeId":"0a214a08-9cf0-4906-8e0d-0c7d50ff44e8","componentVersion":1,"instanceId":"b08dcd49-3f7b-4f0c-840b-939fb83e8ec9","orientation":"right","circleData":[[440.70734949999996,867.4999505000001],[553.2073495,867.4999505000001]],"cirkitStudioVersion":"1.3.2"},{"compProperties":{},"position":[981.335047,0.21135649999973793],"typeId":"4a9cf0cc-ba72-e1f0-4a15-cd1a6a779c65","componentVersion":1,"instanceId":"78549d8d-ef1d-4a51-b73f-dc6c61e4935c","orientation":"left","circleData":[[887.5000000000001,-145],[887.5000000000001,-126.24620800000002],[887.5000000000001,-107.49245799999996],[887.5000000000001,-88.73604100000001],[887.5000000000001,-69.98487399999999],[887.5000000000001,-51.23110299999996],[887.5000000000001,-32.474727999999914],[887.5000000000001,-13.7209059999999],[887.5000000000001,5.032796000000075],[887.5000000000001,23.786579000000064],[887.5000000000001,42.53777150000006],[887.5000000000001,61.29416900000005],[887.5000000000001,80.04272300000001],[887.5000000000001,98.80688600000015],[887.5000000000001,117.5554715000002],[1075.1129319999998,-145.01747649999993],[1075.1129319999998,-126.246352],[1075.1129319999998,-107.47516450000002],[1075.1129319999998,-88.70139250000001],[1075.1129319999998,-69.93278950000001],[1075.1129319999998,-51.158998],[1075.1129319999998,-32.38522599999993],[1075.1129319999998,-13.616640999999959],[1075.1129319999998,5.151906500000108],[1075.1129319999998,23.920520000000057],[1075.1129319999998,42.69682550000003],[1075.1129319999998,61.47064250000004],[1075.1129319999998,80.23660100000005],[1075.1129319999998,99.01040300000018],[1075.1129319999998,117.77636150000025]],"cirkitStudioVersion":"1.3.2"},{"compProperties":{},"position":[469.85367099999996,-174.6291685],"typeId":"ae4c1c68-ab39-efa4-24a9-4649361f62b6","componentVersion":1,"instanceId":"05c99d40-0c35-4639-a826-aad1c8d7b9ca","orientation":"up","circleData":[[572.5,-189.99999999999997],[572.5,-159.99784749999995],[572.5,-174.99996699999994],[379.9630614999999,-144.53926899999993],[380.022679,-174.68288049999992],[379.95744699999995,-204.52592199999995]],"cirkitStudioVersion":"1.3.2"},{"compProperties":{},"position":[469.8536709999999,-69.62916850000002],"typeId":"ae4c1c68-ab39-efa4-24a9-4649361f62b6","componentVersion":1,"instanceId":"47c40847-17d5-4452-a82b-df95a96b2725","orientation":"up","circleData":[[572.5,-85.00000000000003],[572.5,-54.997847500000034],[572.5,-69.99996700000003],[379.9630614999998,-39.53926900000002],[380.0226789999998,-69.68288050000002],[379.9574469999998,-99.52592200000004]],"cirkitStudioVersion":"1.3.2"},{"compProperties":{},"position":[469.8536709999999,35.3708315],"typeId":"ae4c1c68-ab39-efa4-24a9-4649361f62b6","componentVersion":1,"instanceId":"bb4e5a8a-471d-42af-a4f0-1059d745e318","orientation":"up","circleData":[[572.5,20.000000000000007],[572.5,50.002152500000044],[572.5,35.00003300000001],[379.9630614999998,65.46073100000012],[380.0226789999998,35.3171195],[379.9574469999998,5.474077999999999]],"cirkitStudioVersion":"1.3.2"},{"compProperties":{},"position":[469.8536709999999,245.37083149999995],"typeId":"ae4c1c68-ab39-efa4-24a9-4649361f62b6","componentVersion":1,"instanceId":"24644858-de68-4a38-948c-6f3eb2ad1875","orientation":"up","circleData":[[572.5,230],[572.5,260.00215249999985],[572.5,245.00003300000003],[379.9630614999998,275.4607309999999],[380.0226789999998,245.3171195],[379.95744699999983,215.47407800000002]],"cirkitStudioVersion":"1.3.2"},{"compProperties":{},"position":[650.0000245,367.4999885],"typeId":"bb724af2-91a7-4a5d-a377-8184d5995cb3","componentVersion":1,"instanceId":"db097dbf-0f14-46e2-af99-5d8bb8150167","orientation":"up","circleData":[[632.5,440],[677.5,440]],"cirkitStudioVersion":"1.3.2"},{"compProperties":{},"position":[266.4841975,-181.42438449999995],"typeId":"73f7742b-efd1-4714-be80-e62a78e23e49","componentVersion":2,"instanceId":"c9f30332-5a53-4111-9d42-3933fd4a0074","orientation":"up","circleData":[[257.5,-144.99999999999994],[272.50000000000006,-144.99999999999994]],"cirkitStudioVersion":"1.3.2"},{"compProperties":{},"position":[266.4841975,-61.424384500000016],"typeId":"73f7742b-efd1-4714-be80-e62a78e23e49","componentVersion":2,"instanceId":"83993865-b3c7-47f4-9a21-ba1c685bce15","orientation":"up","circleData":[[257.5,-25.00000000000002],[272.49999999999994,-25.00000000000002]],"cirkitStudioVersion":"1.3.2"},{"compProperties":{},"position":[266.4841975,28.575615499999977],"typeId":"73f7742b-efd1-4714-be80-e62a78e23e49","componentVersion":2,"instanceId":"511d09b1-640e-4d67-a8cf-5058af8cf811","orientation":"up","circleData":[[257.5,64.99999999999997],[272.5,64.99999999999997]],"cirkitStudioVersion":"1.3.2"},{"compProperties":{},"position":[266.4841975,133.57561550000003],"typeId":"73f7742b-efd1-4714-be80-e62a78e23e49","componentVersion":2,"instanceId":"274914e2-199a-4893-a0df-8951d634abd5","orientation":"up","circleData":[[257.5,170],[272.5,170]],"cirkitStudioVersion":"1.3.2"},{"compProperties":{},"position":[266.4841975,238.5756154999999],"typeId":"73f7742b-efd1-4714-be80-e62a78e23e49","componentVersion":2,"instanceId":"42872f0c-023b-4a8d-b711-ddddb2778394","orientation":"up","circleData":[[257.5,275],[272.49999999999994,275]],"cirkitStudioVersion":"1.3.2"},{"compProperties":{},"position":[266.48419749999994,343.5756155],"typeId":"73f7742b-efd1-4714-be80-e62a78e23e49","componentVersion":2,"instanceId":"407fe279-133d-4301-9441-f1792edf4d2a","orientation":"up","circleData":[[257.5,380],[272.5,380]],"cirkitStudioVersion":"1.3.2"}],"bounds":{"top":"-233.60491","left":"224.02097","width":"872.02825","height":"1305.20113","x":"224.02097","y":"-233.60491"},"cachedBreadboardPrettyViewWires":["{\"color\":\"#ff0011\",\"startPinId\":\"pin-type-component_24644858-de68-4a38-948c-6f3eb2ad1875_1\",\"endPinId\":\"pin-type-component_36200f35-ccde-465f-8b84-8ae8df751086_1\",\"rawStartPinId\":\"pin-type-component_24644858-de68-4a38-948c-6f3eb2ad1875_1\",\"rawEndPinId\":\"pin-type-component_36200f35-ccde-465f-8b84-8ae8df751086_1\",\"pointPath\":\"{\\\"listOfPointStrings\\\":[\\\"572.5000000000_260.0021525000\\\",\\\"602.5000000000_260.0021525000\\\",\\\"602.5000000000_365.0021525000\\\",\\\"572.5000000000_365.0021525000\\\"]}\"}","{\"color\":\"#ff0011\",\"startPinId\":\"pin-type-component_24644858-de68-4a38-948c-6f3eb2ad1875_1\",\"endPinId\":\"pin-type-component_cb2a20cd-d39b-4fcb-8e80-27eeaa940393_1\",\"rawStartPinId\":\"pin-type-component_24644858-de68-4a38-948c-6f3eb2ad1875_1\",\"rawEndPinId\":\"pin-type-component_cb2a20cd-d39b-4fcb-8e80-27eeaa940393_1\",\"pointPath\":\"{\\\"listOfPointStrings\\\":[\\\"572.5000000000_260.0021525000\\\",\\\"602.5000000000_260.0021525000\\\",\\\"602.5000000000_155.0021525000\\\",\\\"572.5000000000_155.0021525000\\\"]}\"}","{\"color\":\"#ff0011\",\"startPinId\":\"pin-type-component_bb4e5a8a-471d-42af-a4f0-1059d745e318_1\",\"endPinId\":\"pin-type-component_cb2a20cd-d39b-4fcb-8e80-27eeaa940393_1\",\"rawStartPinId\":\"pin-type-component_bb4e5a8a-471d-42af-a4f0-1059d745e318_1\",\"rawEndPinId\":\"pin-type-component_cb2a20cd-d39b-4fcb-8e80-27eeaa940393_1\",\"pointPath\":\"{\\\"listOfPointStrings\\\":[\\\"572.5000000000_50.0021525000\\\",\\\"602.5000000000_50.0021525000\\\",\\\"602.5000000000_155.0021525000\\\",\\\"572.5000000000_155.0021525000\\\"]}\"}","{\"color\":\"#ff0011\",\"startPinId\":\"pin-type-component_47c40847-17d5-4452-a82b-df95a96b2725_1\",\"endPinId\":\"pin-type-component_bb4e5a8a-471d-42af-a4f0-1059d745e318_1\",\"rawStartPinId\":\"pin-type-component_47c40847-17d5-4452-a82b-df95a96b2725_1\",\"rawEndPinId\":\"pin-type-component_bb4e5a8a-471d-42af-a4f0-1059d745e318_1\",\"pointPath\":\"{\\\"listOfPointStrings\\\":[\\\"572.5000000000_-54.9978475000\\\",\\\"602.5000000000_-54.9978475000\\\",\\\"602.5000000000_50.0021525000\\\",\\\"572.5000000000_50.0021525000\\\"]}\"}","{\"color\":\"#ff0011\",\"startPinId\":\"pin-type-component_05c99d40-0c35-4639-a826-aad1c8d7b9ca_1\",\"endPinId\":\"pin-type-component_47c40847-17d5-4452-a82b-df95a96b2725_1\",\"rawStartPinId\":\"pin-type-component_05c99d40-0c35-4639-a826-aad1c8d7b9ca_1\",\"rawEndPinId\":\"pin-type-component_47c40847-17d5-4452-a82b-df95a96b2725_1\",\"pointPath\":\"{\\\"listOfPointStrings\\\":[\\\"572.5000000000_-159.9978475000\\\",\\\"602.5000000000_-159.9978475000\\\",\\\"602.5000000000_-54.9978475000\\\",\\\"572.5000000000_-54.9978475000\\\"]}\"}","{\"color\":\"#ff0011\",\"startPinId\":\"pin-type-component_36200f35-ccde-465f-8b84-8ae8df751086_1\",\"endPinId\":\"pin-type-component_78549d8d-ef1d-4a51-b73f-dc6c61e4935c_14\",\"rawStartPinId\":\"pin-type-component_36200f35-ccde-465f-8b84-8ae8df751086_1\",\"rawEndPinId\":\"pin-type-component_78549d8d-ef1d-4a51-b73f-dc6c61e4935c_14\",\"pointPath\":\"{\\\"listOfPointStrings\\\":[\\\"572.5000000000_365.0021525000\\\",\\\"865.0000000000_365.0021525000\\\",\\\"865.0000000000_117.5554715000\\\",\\\"887.5000000000_117.5554715000\\\"]}\"}","{\"color\":\"#ff0011\",\"startPinId\":\"pin-type-component_36200f35-ccde-465f-8b84-8ae8df751086_1\",\"endPinId\":\"pin-type-component_5c27273f-f75c-4b7b-93c9-bf0fd879b6f9_1\",\"rawStartPinId\":\"pin-type-component_36200f35-ccde-465f-8b84-8ae8df751086_1\",\"rawEndPinId\":\"pin-type-component_5c27273f-f75c-4b7b-93c9-bf0fd879b6f9_1\",\"pointPath\":\"{\\\"listOfPointStrings\\\":[\\\"572.5000000000_365.0021525000\\\",\\\"677.5021525000_365.0021525000\\\",\\\"677.5021525000_455.0000000000\\\"]}\"}","{\"color\":\"#ff0011\",\"startPinId\":\"pin-type-component_253316f3-9a2a-49f4-b38a-dd9fae97e41e_1\",\"endPinId\":\"pin-type-component_5c27273f-f75c-4b7b-93c9-bf0fd879b6f9_1\",\"rawStartPinId\":\"pin-type-component_253316f3-9a2a-49f4-b38a-dd9fae97e41e_1\",\"rawEndPinId\":\"pin-type-component_5c27273f-f75c-4b7b-93c9-bf0fd879b6f9_1\",\"pointPath\":\"{\\\"listOfPointStrings\\\":[\\\"812.5021525000_455.0000000000\\\",\\\"812.5021525000_425.0000000000\\\",\\\"677.5021525000_425.0000000000\\\",\\\"677.5021525000_455.0000000000\\\"]}\"}","{\"color\":\"#ff0011\",\"startPinId\":\"pin-type-component_253316f3-9a2a-49f4-b38a-dd9fae97e41e_1\",\"endPinId\":\"pin-type-component_b850196c-35b7-4a4e-9dc2-8e1e11f4e8fd_1\",\"rawStartPinId\":\"pin-type-component_253316f3-9a2a-49f4-b38a-dd9fae97e41e_1\",\"rawEndPinId\":\"pin-type-component_b850196c-35b7-4a4e-9dc2-8e1e11f4e8fd_1\",\"pointPath\":\"{\\\"listOfPointStrings\\\":[\\\"812.5021525000_455.0000000000\\\",\\\"812.5021525000_425.0000000000\\\",\\\"947.5021525000_425.0000000000\\\",\\\"947.5021525000_455.0000000000\\\"]}\"}","{\"color\":\"#000000\",\"startPinId\":\"pin-type-component_24644858-de68-4a38-948c-6f3eb2ad1875_2\",\"endPinId\":\"pin-type-component_36200f35-ccde-465f-8b84-8ae8df751086_2\",\"rawStartPinId\":\"pin-type-component_24644858-de68-4a38-948c-6f3eb2ad1875_2\",\"rawEndPinId\":\"pin-type-component_36200f35-ccde-465f-8b84-8ae8df751086_2\",\"pointPath\":\"{\\\"listOfPointStrings\\\":[\\\"572.5000000000_245.0000330000\\\",\\\"617.5000000000_245.0000330000\\\",\\\"617.5000000000_350.0000330000\\\",\\\"572.5000000000_350.0000330000\\\"]}\"}","{\"color\":\"#000000\",\"startPinId\":\"pin-type-component_24644858-de68-4a38-948c-6f3eb2ad1875_2\",\"endPinId\":\"pin-type-component_cb2a20cd-d39b-4fcb-8e80-27eeaa940393_2\",\"rawStartPinId\":\"pin-type-component_24644858-de68-4a38-948c-6f3eb2ad1875_2\",\"rawEndPinId\":\"pin-type-component_cb2a20cd-d39b-4fcb-8e80-27eeaa940393_2\",\"pointPath\":\"{\\\"listOfPointStrings\\\":[\\\"572.5000000000_245.0000330000\\\",\\\"617.5000000000_245.0000330000\\\",\\\"617.5000000000_140.0000330000\\\",\\\"572.5000000000_140.0000330000\\\"]}\"}","{\"color\":\"#000000\",\"startPinId\":\"pin-type-component_bb4e5a8a-471d-42af-a4f0-1059d745e318_2\",\"endPinId\":\"pin-type-component_cb2a20cd-d39b-4fcb-8e80-27eeaa940393_2\",\"rawStartPinId\":\"pin-type-component_bb4e5a8a-471d-42af-a4f0-1059d745e318_2\",\"rawEndPinId\":\"pin-type-component_cb2a20cd-d39b-4fcb-8e80-27eeaa940393_2\",\"pointPath\":\"{\\\"listOfPointStrings\\\":[\\\"572.5000000000_35.0000330000\\\",\\\"617.5000000000_35.0000330000\\\",\\\"617.5000000000_140.0000330000\\\",\\\"572.5000000000_140.0000330000\\\"]}\"}","{\"color\":\"#000000\",\"startPinId\":\"pin-type-component_47c40847-17d5-4452-a82b-df95a96b2725_2\",\"endPinId\":\"pin-type-component_bb4e5a8a-471d-42af-a4f0-1059d745e318_2\",\"rawStartPinId\":\"pin-type-component_47c40847-17d5-4452-a82b-df95a96b2725_2\",\"rawEndPinId\":\"pin-type-component_bb4e5a8a-471d-42af-a4f0-1059d745e318_2\",\"pointPath\":\"{\\\"listOfPointStrings\\\":[\\\"572.5000000000_-69.9999670000\\\",\\\"617.5000000000_-69.9999670000\\\",\\\"617.5000000000_35.0000330000\\\",\\\"572.5000000000_35.0000330000\\\"]}\"}","{\"color\":\"#000000\",\"startPinId\":\"pin-type-component_05c99d40-0c35-4639-a826-aad1c8d7b9ca_2\",\"endPinId\":\"pin-type-component_47c40847-17d5-4452-a82b-df95a96b2725_2\",\"rawStartPinId\":\"pin-type-component_05c99d40-0c35-4639-a826-aad1c8d7b9ca_2\",\"rawEndPinId\":\"pin-type-component_47c40847-17d5-4452-a82b-df95a96b2725_2\",\"pointPath\":\"{\\\"listOfPointStrings\\\":[\\\"572.5000000000_-174.9999670000\\\",\\\"617.5000000000_-174.9999670000\\\",\\\"617.5000000000_-69.9999670000\\\",\\\"572.5000000000_-69.9999670000\\\"]}\"}","{\"color\":\"#000000\",\"startPinId\":\"pin-type-component_36200f35-ccde-465f-8b84-8ae8df751086_2\",\"endPinId\":\"pin-type-component_78549d8d-ef1d-4a51-b73f-dc6c61e4935c_13\",\"rawStartPinId\":\"pin-type-component_36200f35-ccde-465f-8b84-8ae8df751086_2\",\"rawEndPinId\":\"pin-type-component_78549d8d-ef1d-4a51-b73f-dc6c61e4935c_13\",\"pointPath\":\"{\\\"listOfPointStrings\\\":[\\\"572.5000000000_350.0000330000\\\",\\\"842.5000000000_350.0000330000\\\",\\\"842.5000000000_98.8068860000\\\",\\\"887.5000000000_98.8068860000\\\"]}\"}","{\"color\":\"#000000\",\"startPinId\":\"pin-type-component_36200f35-ccde-465f-8b84-8ae8df751086_2\",\"endPinId\":\"pin-type-component_5c27273f-f75c-4b7b-93c9-bf0fd879b6f9_2\",\"rawStartPinId\":\"pin-type-component_36200f35-ccde-465f-8b84-8ae8df751086_2\",\"rawEndPinId\":\"pin-type-component_5c27273f-f75c-4b7b-93c9-bf0fd879b6f9_2\",\"pointPath\":\"{\\\"listOfPointStrings\\\":[\\\"572.5000000000_350.0000330000\\\",\\\"662.5000330000_350.0000330000\\\",\\\"662.5000330000_455.0000000000\\\"]}\"}","{\"color\":\"#000000\",\"startPinId\":\"pin-type-component_253316f3-9a2a-49f4-b38a-dd9fae97e41e_2\",\"endPinId\":\"pin-type-component_5c27273f-f75c-4b7b-93c9-bf0fd879b6f9_2\",\"rawStartPinId\":\"pin-type-component_253316f3-9a2a-49f4-b38a-dd9fae97e41e_2\",\"rawEndPinId\":\"pin-type-component_5c27273f-f75c-4b7b-93c9-bf0fd879b6f9_2\",\"pointPath\":\"{\\\"listOfPointStrings\\\":[\\\"797.5000330000_455.0000000000\\\",\\\"797.5000330000_395.0000000000\\\",\\\"662.5000330000_395.0000000000\\\",\\\"662.5000330000_455.0000000000\\\"]}\"}","{\"color\":\"#000000\",\"startPinId\":\"pin-type-component_253316f3-9a2a-49f4-b38a-dd9fae97e41e_2\",\"endPinId\":\"pin-type-component_b850196c-35b7-4a4e-9dc2-8e1e11f4e8fd_2\",\"rawStartPinId\":\"pin-type-component_253316f3-9a2a-49f4-b38a-dd9fae97e41e_2\",\"rawEndPinId\":\"pin-type-component_b850196c-35b7-4a4e-9dc2-8e1e11f4e8fd_2\",\"pointPath\":\"{\\\"listOfPointStrings\\\":[\\\"797.5000330000_455.0000000000\\\",\\\"797.5000330000_395.0000000000\\\",\\\"932.5000330000_395.0000000000\\\",\\\"932.5000330000_455.0000000000\\\"]}\"}","{\"color\":\"#00ae7e\",\"startPinId\":\"pin-type-component_05c99d40-0c35-4639-a826-aad1c8d7b9ca_0\",\"endPinId\":\"pin-type-component_78549d8d-ef1d-4a51-b73f-dc6c61e4935c_3\",\"rawStartPinId\":\"pin-type-component_05c99d40-0c35-4639-a826-aad1c8d7b9ca_0\",\"rawEndPinId\":\"pin-type-component_78549d8d-ef1d-4a51-b73f-dc6c61e4935c_3\",\"pointPath\":\"{\\\"listOfPointStrings\\\":[\\\"572.5000000000_-190.0000000000\\\",\\\"737.5000000000_-190.0000000000\\\",\\\"737.5000000000_-88.7360410000\\\",\\\"887.5000000000_-88.7360410000\\\"]}\"}","{\"color\":\"#c28c9f\",\"startPinId\":\"pin-type-component_47c40847-17d5-4452-a82b-df95a96b2725_0\",\"endPinId\":\"pin-type-component_78549d8d-ef1d-4a51-b73f-dc6c61e4935c_4\",\"rawStartPinId\":\"pin-type-component_47c40847-17d5-4452-a82b-df95a96b2725_0\",\"rawEndPinId\":\"pin-type-component_78549d8d-ef1d-4a51-b73f-dc6c61e4935c_4\",\"pointPath\":\"{\\\"listOfPointStrings\\\":[\\\"572.5000000000_-85.0000000000\\\",\\\"737.5000000000_-85.0000000000\\\",\\\"737.5000000000_-69.9848740000\\\",\\\"887.5000000000_-69.9848740000\\\"]}\"}","{\"color\":\"#008f9c\",\"startPinId\":\"pin-type-component_78549d8d-ef1d-4a51-b73f-dc6c61e4935c_5\",\"endPinId\":\"pin-type-component_bb4e5a8a-471d-42af-a4f0-1059d745e318_0\",\"rawStartPinId\":\"pin-type-component_78549d8d-ef1d-4a51-b73f-dc6c61e4935c_5\",\"rawEndPinId\":\"pin-type-component_bb4e5a8a-471d-42af-a4f0-1059d745e318_0\",\"pointPath\":\"{\\\"listOfPointStrings\\\":[\\\"887.5000000000_-51.2311030000\\\",\\\"632.5000000000_-51.2311030000\\\",\\\"632.5000000000_20.0000000000\\\",\\\"572.5000000000_20.0000000000\\\"]}\"}","{\"color\":\"#5fad4e\",\"startPinId\":\"pin-type-component_78549d8d-ef1d-4a51-b73f-dc6c61e4935c_6\",\"endPinId\":\"pin-type-component_cb2a20cd-d39b-4fcb-8e80-27eeaa940393_0\",\"rawStartPinId\":\"pin-type-component_78549d8d-ef1d-4a51-b73f-dc6c61e4935c_6\",\"rawEndPinId\":\"pin-type-component_cb2a20cd-d39b-4fcb-8e80-27eeaa940393_0\",\"pointPath\":\"{\\\"listOfPointStrings\\\":[\\\"887.5000000000_-32.4747280000\\\",\\\"647.5000000000_-32.4747280000\\\",\\\"647.5000000000_125.0000000000\\\",\\\"572.5000000000_125.0000000000\\\"]}\"}","{\"color\":\"#ff029d\",\"startPinId\":\"pin-type-component_24644858-de68-4a38-948c-6f3eb2ad1875_0\",\"endPinId\":\"pin-type-component_78549d8d-ef1d-4a51-b73f-dc6c61e4935c_7\",\"rawStartPinId\":\"pin-type-component_24644858-de68-4a38-948c-6f3eb2ad1875_0\",\"rawEndPinId\":\"pin-type-component_78549d8d-ef1d-4a51-b73f-dc6c61e4935c_7\",\"pointPath\":\"{\\\"listOfPointStrings\\\":[\\\"572.5000000000_230.0000000000\\\",\\\"662.5000000000_230.0000000000\\\",\\\"662.5000000000_-13.7209060000\\\",\\\"887.5000000000_-13.7209060000\\\"]}\"}","{\"color\":\"#683d3b\",\"startPinId\":\"pin-type-component_36200f35-ccde-465f-8b84-8ae8df751086_0\",\"endPinId\":\"pin-type-component_78549d8d-ef1d-4a51-b73f-dc6c61e4935c_8\",\"rawStartPinId\":\"pin-type-component_36200f35-ccde-465f-8b84-8ae8df751086_0\",\"rawEndPinId\":\"pin-type-component_78549d8d-ef1d-4a51-b73f-dc6c61e4935c_8\",\"pointPath\":\"{\\\"listOfPointStrings\\\":[\\\"572.5000000000_335.0000000000\\\",\\\"677.5000000000_335.0000000000\\\",\\\"677.5000000000_5.0327960000\\\",\\\"887.5000000000_5.0327960000\\\"]}\"}","{\"color\":\"#ff74a3\",\"startPinId\":\"pin-type-component_50703c27-87f1-4e1d-94a3-90f69eaa8385_0\",\"endPinId\":\"pin-type-component_5c27273f-f75c-4b7b-93c9-bf0fd879b6f9_5\",\"rawStartPinId\":\"pin-type-component_50703c27-87f1-4e1d-94a3-90f69eaa8385_0\",\"rawEndPinId\":\"pin-type-component_5c27273f-f75c-4b7b-93c9-bf0fd879b6f9_5\",\"pointPath\":\"{\\\"listOfPointStrings\\\":[\\\"737.5000000000_755.0000000000\\\",\\\"737.5000000000_717.5000000000\\\",\\\"602.5000000000_717.5000000000\\\",\\\"602.5000000000_647.5425530000\\\",\\\"632.9740780000_647.5425530000\\\"]}\"}","{\"color\":\"#968ae8\",\"startPinId\":\"pin-type-component_253316f3-9a2a-49f4-b38a-dd9fae97e41e_5\",\"endPinId\":\"pin-type-component_50703c27-87f1-4e1d-94a3-90f69eaa8385_1\",\"rawStartPinId\":\"pin-type-component_253316f3-9a2a-49f4-b38a-dd9fae97e41e_5\",\"rawEndPinId\":\"pin-type-component_50703c27-87f1-4e1d-94a3-90f69eaa8385_1\",\"pointPath\":\"{\\\"listOfPointStrings\\\":[\\\"767.9740780000_647.5425530000\\\",\\\"767.5000000000_647.5425530000\\\",\\\"767.5000000000_702.5000000000\\\",\\\"820.0000000000_702.5000000000\\\",\\\"820.0000000000_755.0000000000\\\"]}\"}","{\"color\":\"#00ccff\",\"startPinId\":\"pin-type-component_50703c27-87f1-4e1d-94a3-90f69eaa8385_2\",\"endPinId\":\"pin-type-component_e94d48c2-269e-4bf1-963f-df30aeb48543_1\",\"rawStartPinId\":\"pin-type-component_50703c27-87f1-4e1d-94a3-90f69eaa8385_2\",\"rawEndPinId\":\"pin-type-component_e94d48c2-269e-4bf1-963f-df30aeb48543_1\",\"pointPath\":\"{\\\"listOfPointStrings\\\":[\\\"797.5000000000_867.5000000000\\\",\\\"797.5000000000_965.0000000000\\\"]}\"}","{\"color\":\"#00ccff\",\"startPinId\":\"pin-type-component_50703c27-87f1-4e1d-94a3-90f69eaa8385_2\",\"endPinId\":\"pin-type-component_b850196c-35b7-4a4e-9dc2-8e1e11f4e8fd_5\",\"rawStartPinId\":\"pin-type-component_50703c27-87f1-4e1d-94a3-90f69eaa8385_2\",\"rawEndPinId\":\"pin-type-component_b850196c-35b7-4a4e-9dc2-8e1e11f4e8fd_5\",\"pointPath\":\"{\\\"listOfPointStrings\\\":[\\\"797.5000000000_867.5000000000\\\",\\\"797.5000000000_890.0000000000\\\",\\\"887.5000000000_890.0000000000\\\",\\\"887.5000000000_647.5425530000\\\",\\\"902.9740780000_647.5425530000\\\"]}\"}","{\"color\":\"#ff0000\",\"startPinId\":\"pin-type-component_253316f3-9a2a-49f4-b38a-dd9fae97e41e_4\",\"endPinId\":\"pin-type-component_5c27273f-f75c-4b7b-93c9-bf0fd879b6f9_4\",\"rawStartPinId\":\"pin-type-component_253316f3-9a2a-49f4-b38a-dd9fae97e41e_4\",\"rawEndPinId\":\"pin-type-component_5c27273f-f75c-4b7b-93c9-bf0fd879b6f9_4\",\"pointPath\":\"{\\\"listOfPointStrings\\\":[\\\"797.8171195000_647.4773210000\\\",\\\"797.8171195000_695.0000000000\\\",\\\"662.8171195000_695.0000000000\\\",\\\"662.8171195000_647.4773210000\\\"]}\"}","{\"color\":\"#ff0000\",\"startPinId\":\"pin-type-component_253316f3-9a2a-49f4-b38a-dd9fae97e41e_4\",\"endPinId\":\"pin-type-component_b850196c-35b7-4a4e-9dc2-8e1e11f4e8fd_4\",\"rawStartPinId\":\"pin-type-component_253316f3-9a2a-49f4-b38a-dd9fae97e41e_4\",\"rawEndPinId\":\"pin-type-component_b850196c-35b7-4a4e-9dc2-8e1e11f4e8fd_4\",\"pointPath\":\"{\\\"listOfPointStrings\\\":[\\\"797.8171195000_647.4773210000\\\",\\\"797.8171195000_695.0000000000\\\",\\\"932.8171195000_695.0000000000\\\",\\\"932.8171195000_647.4773210000\\\"]}\"}","{\"color\":\"#ff0000\",\"startPinId\":\"pin-type-component_5c27273f-f75c-4b7b-93c9-bf0fd879b6f9_4\",\"endPinId\":\"pin-type-component_b08dcd49-3f7b-4f0c-840b-939fb83e8ec9_1\",\"rawStartPinId\":\"pin-type-component_5c27273f-f75c-4b7b-93c9-bf0fd879b6f9_4\",\"rawEndPinId\":\"pin-type-component_b08dcd49-3f7b-4f0c-840b-939fb83e8ec9_1\",\"pointPath\":\"{\\\"listOfPointStrings\\\":[\\\"662.8171195000_647.4773210000\\\",\\\"662.5000000000_647.4773210000\\\",\\\"662.5000000000_867.4999505000\\\",\\\"553.2073495000_867.4999505000\\\"]}\"}","{\"color\":\"#ff0000\",\"startPinId\":\"pin-type-component_05c99d40-0c35-4639-a826-aad1c8d7b9ca_4\",\"endPinId\":\"pin-type-component_47c40847-17d5-4452-a82b-df95a96b2725_4\",\"rawStartPinId\":\"pin-type-component_05c99d40-0c35-4639-a826-aad1c8d7b9ca_4\",\"rawEndPinId\":\"pin-type-component_47c40847-17d5-4452-a82b-df95a96b2725_4\",\"pointPath\":\"{\\\"listOfPointStrings\\\":[\\\"380.0226790000_-174.6828805000\\\",\\\"332.5000000000_-174.6828805000\\\",\\\"332.5000000000_-69.6828805000\\\",\\\"380.0226790000_-69.6828805000\\\"]}\"}","{\"color\":\"#ff0000\",\"startPinId\":\"pin-type-component_47c40847-17d5-4452-a82b-df95a96b2725_4\",\"endPinId\":\"pin-type-component_bb4e5a8a-471d-42af-a4f0-1059d745e318_4\",\"rawStartPinId\":\"pin-type-component_47c40847-17d5-4452-a82b-df95a96b2725_4\",\"rawEndPinId\":\"pin-type-component_bb4e5a8a-471d-42af-a4f0-1059d745e318_4\",\"pointPath\":\"{\\\"listOfPointStrings\\\":[\\\"380.0226790000_-69.6828805000\\\",\\\"332.5000000000_-69.6828805000\\\",\\\"332.5000000000_35.3171195000\\\",\\\"380.0226790000_35.3171195000\\\"]}\"}","{\"color\":\"#ff0000\",\"startPinId\":\"pin-type-component_bb4e5a8a-471d-42af-a4f0-1059d745e318_4\",\"endPinId\":\"pin-type-component_cb2a20cd-d39b-4fcb-8e80-27eeaa940393_4\",\"rawStartPinId\":\"pin-type-component_bb4e5a8a-471d-42af-a4f0-1059d745e318_4\",\"rawEndPinId\":\"pin-type-component_cb2a20cd-d39b-4fcb-8e80-27eeaa940393_4\",\"pointPath\":\"{\\\"listOfPointStrings\\\":[\\\"380.0226790000_35.3171195000\\\",\\\"332.5000000000_35.3171195000\\\",\\\"332.5000000000_140.3171195000\\\",\\\"380.0226790000_140.3171195000\\\"]}\"}","{\"color\":\"#ff0000\",\"startPinId\":\"pin-type-component_24644858-de68-4a38-948c-6f3eb2ad1875_4\",\"endPinId\":\"pin-type-component_cb2a20cd-d39b-4fcb-8e80-27eeaa940393_4\",\"rawStartPinId\":\"pin-type-component_24644858-de68-4a38-948c-6f3eb2ad1875_4\",\"rawEndPinId\":\"pin-type-component_cb2a20cd-d39b-4fcb-8e80-27eeaa940393_4\",\"pointPath\":\"{\\\"listOfPointStrings\\\":[\\\"380.0226790000_245.3171195000\\\",\\\"332.5000000000_245.3171195000\\\",\\\"332.5000000000_140.3171195000\\\",\\\"380.0226790000_140.3171195000\\\"]}\"}","{\"color\":\"#ff0000\",\"startPinId\":\"pin-type-component_24644858-de68-4a38-948c-6f3eb2ad1875_4\",\"endPinId\":\"pin-type-component_36200f35-ccde-465f-8b84-8ae8df751086_4\",\"rawStartPinId\":\"pin-type-component_24644858-de68-4a38-948c-6f3eb2ad1875_4\",\"rawEndPinId\":\"pin-type-component_36200f35-ccde-465f-8b84-8ae8df751086_4\",\"pointPath\":\"{\\\"listOfPointStrings\\\":[\\\"380.0226790000_245.3171195000\\\",\\\"332.5000000000_245.3171195000\\\",\\\"332.5000000000_350.3171195000\\\",\\\"380.0226790000_350.3171195000\\\"]}\"}","{\"color\":\"#ff0000\",\"startPinId\":\"pin-type-component_36200f35-ccde-465f-8b84-8ae8df751086_4\",\"endPinId\":\"pin-type-component_b08dcd49-3f7b-4f0c-840b-939fb83e8ec9_1\",\"rawStartPinId\":\"pin-type-component_36200f35-ccde-465f-8b84-8ae8df751086_4\",\"rawEndPinId\":\"pin-type-component_b08dcd49-3f7b-4f0c-840b-939fb83e8ec9_1\",\"pointPath\":\"{\\\"listOfPointStrings\\\":[\\\"380.0226790000_350.3171195000\\\",\\\"332.5000000000_350.3171195000\\\",\\\"332.5000000000_590.0000000000\\\",\\\"572.5000000000_590.0000000000\\\",\\\"572.5000000000_867.4999505000\\\",\\\"553.2073495000_867.4999505000\\\"]}\"}","{\"color\":\"#000000\",\"startPinId\":\"pin-type-component_b08dcd49-3f7b-4f0c-840b-939fb83e8ec9_0\",\"endPinId\":\"pin-type-component_e94d48c2-269e-4bf1-963f-df30aeb48543_0\",\"rawStartPinId\":\"pin-type-component_b08dcd49-3f7b-4f0c-840b-939fb83e8ec9_0\",\"rawEndPinId\":\"pin-type-component_e94d48c2-269e-4bf1-963f-df30aeb48543_0\",\"pointPath\":\"{\\\"listOfPointStrings\\\":[\\\"440.7073495000_867.4999505000\\\",\\\"422.5000000000_867.4999505000\\\",\\\"422.5000000000_927.5000000000\\\",\\\"782.5000000000_927.5000000000\\\",\\\"782.5000000000_965.0000000000\\\"]}\"}","{\"color\":\"#000000\",\"startPinId\":\"pin-type-component_407fe279-133d-4301-9441-f1792edf4d2a_0\",\"endPinId\":\"pin-type-component_42872f0c-023b-4a8d-b711-ddddb2778394_0\",\"rawStartPinId\":\"pin-type-component_407fe279-133d-4301-9441-f1792edf4d2a_0\",\"rawEndPinId\":\"pin-type-component_42872f0c-023b-4a8d-b711-ddddb2778394_0\",\"pointPath\":\"{\\\"listOfPointStrings\\\":[\\\"257.5000000000_380.0000000000\\\",\\\"227.5000000000_380.0000000000\\\",\\\"227.5000000000_275.0000000000\\\",\\\"257.5000000000_275.0000000000\\\"]}\"}","{\"color\":\"#000000\",\"startPinId\":\"pin-type-component_407fe279-133d-4301-9441-f1792edf4d2a_0\",\"endPinId\":\"pin-type-component_b08dcd49-3f7b-4f0c-840b-939fb83e8ec9_0\",\"rawStartPinId\":\"pin-type-component_407fe279-133d-4301-9441-f1792edf4d2a_0\",\"rawEndPinId\":\"pin-type-component_b08dcd49-3f7b-4f0c-840b-939fb83e8ec9_0\",\"pointPath\":\"{\\\"listOfPointStrings\\\":[\\\"257.5000000000_380.0000000000\\\",\\\"257.5000000000_867.4999505000\\\",\\\"440.7073495000_867.4999505000\\\"]}\"}","{\"color\":\"#000000\",\"startPinId\":\"pin-type-component_274914e2-199a-4893-a0df-8951d634abd5_0\",\"endPinId\":\"pin-type-component_42872f0c-023b-4a8d-b711-ddddb2778394_0\",\"rawStartPinId\":\"pin-type-component_274914e2-199a-4893-a0df-8951d634abd5_0\",\"rawEndPinId\":\"pin-type-component_42872f0c-023b-4a8d-b711-ddddb2778394_0\",\"pointPath\":\"{\\\"listOfPointStrings\\\":[\\\"257.5000000000_170.0000000000\\\",\\\"227.5000000000_170.0000000000\\\",\\\"227.5000000000_275.0000000000\\\",\\\"257.5000000000_275.0000000000\\\"]}\"}","{\"color\":\"#000000\",\"startPinId\":\"pin-type-component_274914e2-199a-4893-a0df-8951d634abd5_0\",\"endPinId\":\"pin-type-component_511d09b1-640e-4d67-a8cf-5058af8cf811_0\",\"rawStartPinId\":\"pin-type-component_274914e2-199a-4893-a0df-8951d634abd5_0\",\"rawEndPinId\":\"pin-type-component_511d09b1-640e-4d67-a8cf-5058af8cf811_0\",\"pointPath\":\"{\\\"listOfPointStrings\\\":[\\\"257.5000000000_170.0000000000\\\",\\\"227.5000000000_170.0000000000\\\",\\\"227.5000000000_65.0000000000\\\",\\\"257.5000000000_65.0000000000\\\"]}\"}","{\"color\":\"#000000\",\"startPinId\":\"pin-type-component_511d09b1-640e-4d67-a8cf-5058af8cf811_0\",\"endPinId\":\"pin-type-component_83993865-b3c7-47f4-9a21-ba1c685bce15_0\",\"rawStartPinId\":\"pin-type-component_511d09b1-640e-4d67-a8cf-5058af8cf811_0\",\"rawEndPinId\":\"pin-type-component_83993865-b3c7-47f4-9a21-ba1c685bce15_0\",\"pointPath\":\"{\\\"listOfPointStrings\\\":[\\\"257.5000000000_65.0000000000\\\",\\\"227.5000000000_65.0000000000\\\",\\\"227.5000000000_-25.0000000000\\\",\\\"257.5000000000_-25.0000000000\\\"]}\"}","{\"color\":\"#000000\",\"startPinId\":\"pin-type-component_83993865-b3c7-47f4-9a21-ba1c685bce15_0\",\"endPinId\":\"pin-type-component_c9f30332-5a53-4111-9d42-3933fd4a0074_0\",\"rawStartPinId\":\"pin-type-component_83993865-b3c7-47f4-9a21-ba1c685bce15_0\",\"rawEndPinId\":\"pin-type-component_c9f30332-5a53-4111-9d42-3933fd4a0074_0\",\"pointPath\":\"{\\\"listOfPointStrings\\\":[\\\"257.5000000000_-25.0000000000\\\",\\\"227.5000000000_-25.0000000000\\\",\\\"227.5000000000_-145.0000000000\\\",\\\"257.5000000000_-145.0000000000\\\"]}\"}","{\"color\":\"#fe8900\",\"startPinId\":\"pin-type-component_5c27273f-f75c-4b7b-93c9-bf0fd879b6f9_0\",\"endPinId\":\"pin-type-component_78549d8d-ef1d-4a51-b73f-dc6c61e4935c_9\",\"rawStartPinId\":\"pin-type-component_5c27273f-f75c-4b7b-93c9-bf0fd879b6f9_0\",\"rawEndPinId\":\"pin-type-component_78549d8d-ef1d-4a51-b73f-dc6c61e4935c_9\",\"pointPath\":\"{\\\"listOfPointStrings\\\":[\\\"647.5000000000_455.0000000000\\\",\\\"647.5000000000_245.0000000000\\\",\\\"715.0000000000_245.0000000000\\\",\\\"715.0000000000_23.7865790000\\\",\\\"887.5000000000_23.7865790000\\\"]}\"}","{\"color\":\"#bdc6ff\",\"startPinId\":\"pin-type-component_253316f3-9a2a-49f4-b38a-dd9fae97e41e_0\",\"endPinId\":\"pin-type-component_78549d8d-ef1d-4a51-b73f-dc6c61e4935c_10\",\"rawStartPinId\":\"pin-type-component_253316f3-9a2a-49f4-b38a-dd9fae97e41e_0\",\"rawEndPinId\":\"pin-type-component_78549d8d-ef1d-4a51-b73f-dc6c61e4935c_10\",\"pointPath\":\"{\\\"listOfPointStrings\\\":[\\\"782.5000000000_455.0000000000\\\",\\\"782.5000000000_42.5377715000\\\",\\\"887.5000000000_42.5377715000\\\"]}\"}","{\"color\":\"#09ec8a\",\"startPinId\":\"pin-type-component_78549d8d-ef1d-4a51-b73f-dc6c61e4935c_11\",\"endPinId\":\"pin-type-component_b850196c-35b7-4a4e-9dc2-8e1e11f4e8fd_0\",\"rawStartPinId\":\"pin-type-component_78549d8d-ef1d-4a51-b73f-dc6c61e4935c_11\",\"rawEndPinId\":\"pin-type-component_b850196c-35b7-4a4e-9dc2-8e1e11f4e8fd_0\",\"pointPath\":\"{\\\"listOfPointStrings\\\":[\\\"887.5000000000_61.2941690000\\\",\\\"820.0000000000_61.2941690000\\\",\\\"820.0000000000_290.0000000000\\\",\\\"917.5000000000_290.0000000000\\\",\\\"917.5000000000_455.0000000000\\\"]}\"}","{\"color\":\"#ffa6fe\",\"startPinId\":\"pin-type-component_05c99d40-0c35-4639-a826-aad1c8d7b9ca_5\",\"endPinId\":\"pin-type-component_c9f30332-5a53-4111-9d42-3933fd4a0074_1\",\"rawStartPinId\":\"pin-type-component_05c99d40-0c35-4639-a826-aad1c8d7b9ca_5\",\"rawEndPinId\":\"pin-type-component_c9f30332-5a53-4111-9d42-3933fd4a0074_1\",\"pointPath\":\"{\\\"listOfPointStrings\\\":[\\\"379.9574470000_-204.5259220000\\\",\\\"379.9574470000_-235.0000000000\\\",\\\"302.5000000000_-235.0000000000\\\",\\\"302.5000000000_-145.0000000000\\\",\\\"272.5000000000_-145.0000000000\\\"]}\"}","{\"color\":\"#774d00\",\"startPinId\":\"pin-type-component_47c40847-17d5-4452-a82b-df95a96b2725_5\",\"endPinId\":\"pin-type-component_83993865-b3c7-47f4-9a21-ba1c685bce15_1\",\"rawStartPinId\":\"pin-type-component_47c40847-17d5-4452-a82b-df95a96b2725_5\",\"rawEndPinId\":\"pin-type-component_83993865-b3c7-47f4-9a21-ba1c685bce15_1\",\"pointPath\":\"{\\\"listOfPointStrings\\\":[\\\"379.9574470000_-99.5259220000\\\",\\\"379.9574470000_-130.0000000000\\\",\\\"302.5000000000_-130.0000000000\\\",\\\"302.5000000000_-25.0000000000\\\",\\\"272.5000000000_-25.0000000000\\\"]}\"}","{\"color\":\"#7a4782\",\"startPinId\":\"pin-type-component_511d09b1-640e-4d67-a8cf-5058af8cf811_1\",\"endPinId\":\"pin-type-component_bb4e5a8a-471d-42af-a4f0-1059d745e318_5\",\"rawStartPinId\":\"pin-type-component_511d09b1-640e-4d67-a8cf-5058af8cf811_1\",\"rawEndPinId\":\"pin-type-component_bb4e5a8a-471d-42af-a4f0-1059d745e318_5\",\"pointPath\":\"{\\\"listOfPointStrings\\\":[\\\"272.5000000000_65.0000000000\\\",\\\"310.0000000000_65.0000000000\\\",\\\"310.0000000000_-25.0000000000\\\",\\\"379.9574470000_-25.0000000000\\\",\\\"379.9574470000_5.4740780000\\\"]}\"}","{\"color\":\"#004754\",\"startPinId\":\"pin-type-component_274914e2-199a-4893-a0df-8951d634abd5_1\",\"endPinId\":\"pin-type-component_cb2a20cd-d39b-4fcb-8e80-27eeaa940393_5\",\"rawStartPinId\":\"pin-type-component_274914e2-199a-4893-a0df-8951d634abd5_1\",\"rawEndPinId\":\"pin-type-component_cb2a20cd-d39b-4fcb-8e80-27eeaa940393_5\",\"pointPath\":\"{\\\"listOfPointStrings\\\":[\\\"272.5000000000_170.0000000000\\\",\\\"302.5000000000_170.0000000000\\\",\\\"302.5000000000_80.0000000000\\\",\\\"379.9574470000_80.0000000000\\\",\\\"379.9574470000_110.4740780000\\\"]}\"}","{\"color\":\"#b500ff\",\"startPinId\":\"pin-type-component_24644858-de68-4a38-948c-6f3eb2ad1875_5\",\"endPinId\":\"pin-type-component_42872f0c-023b-4a8d-b711-ddddb2778394_1\",\"rawStartPinId\":\"pin-type-component_24644858-de68-4a38-948c-6f3eb2ad1875_5\",\"rawEndPinId\":\"pin-type-component_42872f0c-023b-4a8d-b711-ddddb2778394_1\",\"pointPath\":\"{\\\"listOfPointStrings\\\":[\\\"379.9574470000_215.4740780000\\\",\\\"379.9574470000_185.0000000000\\\",\\\"302.5000000000_185.0000000000\\\",\\\"302.5000000000_275.0000000000\\\",\\\"272.5000000000_275.0000000000\\\"]}\"}","{\"color\":\"#ffb167\",\"startPinId\":\"pin-type-component_36200f35-ccde-465f-8b84-8ae8df751086_5\",\"endPinId\":\"pin-type-component_407fe279-133d-4301-9441-f1792edf4d2a_1\",\"rawStartPinId\":\"pin-type-component_36200f35-ccde-465f-8b84-8ae8df751086_5\",\"rawEndPinId\":\"pin-type-component_407fe279-133d-4301-9441-f1792edf4d2a_1\",\"pointPath\":\"{\\\"listOfPointStrings\\\":[\\\"379.9574470000_320.4740780000\\\",\\\"379.9574470000_290.0000000000\\\",\\\"302.5000000000_290.0000000000\\\",\\\"302.5000000000_380.0000000000\\\",\\\"272.5000000000_380.0000000000\\\"]}\"}"],"billOfMaterials":"{\"serializedManualBomItems\":[]}"}